acx1,acy1,acz1,gx1,gy1,gz1,roll1,pitch1,yaw1,acx2,acy2,acz2,gx2,gy2,gz2,roll2,pitch2,yaw2,label
34.1,0.1,23.1,-0.6,0.4,-0.7,69.0,57.0,71.0,3.0,4.0,3.0,2.0,4.0,4.0,3.0,2.0,4.0,yaw_left
95.1,37.1,45.1,0.8,-0.1,-0.6,67.0,-76.0,-137.0,3.0,2.0,2.0,3.0,3.0,3.0,2.0,2.0,3.0,yaw_left
99.1,21.1,42.1,-0.2,-0.1,0.7,19.0,-78.0,-163.0,2.0,2.0,4.0,3.0,3.0,3.0,2.0,3.0,2.0,yaw_left
61.1,38.1,18.1,0.1,-0.8,0.1,-45.0,-11.0,103.0,4.0,2.0,2.0,3.0,2.0,4.0,4.0,3.0,2.0,yaw_left
9.1,1.1,39.1,-0.4,-1.0,-0.1,-122.0,-76.0,-85.0,4.0,2.0,3.0,3.0,3.0,2.0,3.0,4.0,3.0,yaw_left
20.1,30.1,4.1,-0.7,0.8,-0.7,-112.0,-12.0,95.0,3.0,2.0,2.0,4.0,2.0,4.0,2.0,2.0,3.0,yaw_left
13.1,37.1,10.1,-0.5,-0.5,0.6,174.0,41.0,-92.0,2.0,2.0,2.0,2.0,2.0,4.0,3.0,4.0,4.0,yaw_left
70.1,40.1,1.1,-0.5,0.1,-0.4,42.0,73.0,84.0,4.0,3.0,4.0,2.0,4.0,4.0,2.0,4.0,4.0,yaw_left
48.1,14.1,26.1,-0.2,-0.6,0.4,128.0,15.0,51.0,4.0,3.0,4.0,3.0,2.0,3.0,4.0,2.0,2.0,yaw_left
74.1,7.1,26.1,0.5,-0.4,0.5,-156.0,20.0,-96.0,2.0,3.0,3.0,2.0,3.0,4.0,3.0,4.0,4.0,yaw_left
59.1,13.1,45.1,-0.6,0.7,0.0,122.0,-64.0,-127.0,4.0,3.0,3.0,3.0,2.0,4.0,3.0,2.0,4.0,yaw_left
72.1,8.1,37.1,-0.8,-0.6,-0.4,-138.0,-77.0,124.0,2.0,3.0,4.0,2.0,2.0,4.0,4.0,4.0,2.0,yaw_left
87.1,43.1,0.1,0.3,-0.1,0.6,-27.0,-69.0,-43.0,4.0,2.0,4.0,2.0,4.0,3.0,3.0,3.0,2.0,yaw_left
80.1,48.1,4.1,-0.9,-0.1,-0.7,-42.0,-84.0,-143.0,2.0,4.0,3.0,2.0,4.0,4.0,2.0,3.0,2.0,yaw_left
8.1,17.1,48.1,0.5,0.9,-0.2,-159.0,21.0,61.0,3.0,3.0,4.0,3.0,2.0,3.0,2.0,3.0,4.0,yaw_left
51.1,0.1,19.1,0.7,0.0,-0.4,-9.0,-73.0,-180.0,2.0,4.0,2.0,2.0,2.0,4.0,4.0,2.0,2.0,yaw_left
88.1,3.1,33.1,-0.1,-0.1,0.3,-67.0,-36.0,24.0,3.0,3.0,2.0,4.0,4.0,4.0,4.0,4.0,2.0,yaw_left
91.1,47.1,4.1,-0.3,0.7,0.4,114.0,-14.0,-114.0,3.0,4.0,4.0,4.0,2.0,3.0,3.0,3.0,3.0,yaw_left
62.1,3.1,14.1,0.8,0.9,0.8,-13.0,10.0,111.0,3.0,3.0,3.0,4.0,4.0,3.0,3.0,3.0,4.0,yaw_left
64.1,32.1,41.1,0.2,0.8,-0.5,36.0,-48.0,-159.0,2.0,4.0,4.0,3.0,3.0,2.0,2.0,3.0,3.0,yaw_left
69.1,7.1,1.1,-0.8,0.2,-0.6,159.0,-72.0,98.0,2.0,2.0,2.0,2.0,2.0,4.0,3.0,3.0,2.0,yaw_left
10.1,5.1,39.1,0.7,-1.0,0.7,-17.0,-45.0,54.0,3.0,2.0,4.0,2.0,4.0,4.0,2.0,4.0,2.0,yaw_left
28.1,6.1,36.1,-0.4,-0.7,0.6,-139.0,46.0,142.0,3.0,3.0,3.0,3.0,3.0,2.0,3.0,2.0,3.0,yaw_left
69.1,40.1,12.1,0.9,-0.3,-0.7,25.0,-36.0,119.0,3.0,3.0,2.0,3.0,3.0,3.0,2.0,4.0,3.0,yaw_left
60.1,9.1,43.1,0.1,-0.9,0.7,-70.0,11.0,-37.0,2.0,4.0,3.0,4.0,2.0,2.0,4.0,3.0,3.0,yaw_left
67.1,9.1,14.1,-0.5,0.7,-0.4,147.0,-62.0,129.0,3.0,4.0,4.0,3.0,2.0,3.0,4.0,2.0,2.0,yaw_left
65.1,31.1,25.1,0.5,-0.6,-0.7,-85.0,70.0,-174.0,3.0,2.0,4.0,3.0,3.0,4.0,2.0,3.0,4.0,yaw_left
69.1,40.1,42.1,0.2,-0.7,-0.5,93.0,-36.0,132.0,4.0,4.0,3.0,2.0,2.0,3.0,4.0,3.0,2.0,yaw_left
31.1,21.1,10.1,0.2,0.2,0.9,-117.0,69.0,9.0,2.0,2.0,3.0,3.0,3.0,2.0,2.0,2.0,2.0,yaw_left
47.1,26.1,6.1,0.2,-0.6,0.8,163.0,-89.0,-90.0,3.0,4.0,3.0,2.0,4.0,2.0,4.0,2.0,3.0,yaw_left
66.1,4.1,4.1,-0.4,0.0,0.2,179.0,-41.0,-26.0,4.0,2.0,2.0,3.0,4.0,2.0,2.0,3.0,4.0,yaw_left
38.1,42.1,19.1,-0.7,-0.4,0.4,-94.0,-40.0,-74.0,3.0,4.0,4.0,3.0,2.0,4.0,3.0,3.0,3.0,yaw_left
12.1,25.1,11.1,-1.0,0.9,-0.4,-100.0,-54.0,121.0,2.0,4.0,4.0,4.0,4.0,4.0,2.0,2.0,2.0,yaw_left
27.1,43.1,28.1,-0.6,-0.6,-0.2,111.0,66.0,-43.0,2.0,2.0,4.0,4.0,2.0,3.0,3.0,4.0,2.0,yaw_left
30.1,33.1,8.1,0.9,0.6,-0.7,-147.0,23.0,131.0,3.0,3.0,4.0,2.0,2.0,2.0,2.0,2.0,3.0,yaw_left
26.1,2.1,47.1,-0.2,-0.6,-0.4,109.0,69.0,-169.0,2.0,4.0,2.0,4.0,4.0,2.0,3.0,2.0,4.0,yaw_left
37.1,40.1,25.1,-0.7,-0.7,0.6,-26.0,64.0,-158.0,2.0,2.0,4.0,2.0,2.0,2.0,3.0,4.0,3.0,yaw_left
85.1,40.1,23.1,-0.2,0.4,0.5,119.0,29.0,55.0,3.0,4.0,4.0,4.0,2.0,2.0,4.0,4.0,2.0,yaw_left
39.1,30.1,28.1,0.8,-0.7,-0.3,-40.0,85.0,168.0,2.0,4.0,2.0,4.0,3.0,2.0,3.0,3.0,3.0,yaw_left
61.1,26.1,26.1,-0.1,-0.1,-0.6,125.0,-60.0,-63.0,4.0,3.0,2.0,3.0,4.0,2.0,2.0,2.0,3.0,yaw_left
1.1,15.1,29.1,-0.4,0.3,-0.8,78.0,-58.0,-84.0,2.0,3.0,2.0,2.0,2.0,4.0,3.0,4.0,4.0,yaw_left
73.1,45.1,45.1,0.3,-0.9,-0.2,-30.0,85.0,-51.0,4.0,3.0,3.0,4.0,4.0,4.0,2.0,4.0,2.0,yaw_left
8.1,2.1,17.1,0.4,0.3,0.9,174.0,-10.0,26.0,3.0,4.0,2.0,4.0,3.0,3.0,3.0,3.0,3.0,yaw_left
64.1,31.1,29.1,0.4,0.9,0.4,122.0,73.0,118.0,2.0,2.0,4.0,2.0,3.0,3.0,2.0,4.0,2.0,yaw_left
71.1,31.1,41.1,0.2,-0.8,0.2,0.0,84.0,116.0,4.0,2.0,2.0,2.0,2.0,2.0,3.0,4.0,3.0,yaw_left
24.1,26.1,37.1,0.7,0.1,0.2,150.0,34.0,37.0,4.0,2.0,3.0,3.0,3.0,2.0,3.0,4.0,2.0,yaw_left
98.1,16.1,1.1,0.7,-1.0,-0.8,-160.0,-89.0,-45.0,2.0,3.0,2.0,2.0,4.0,4.0,2.0,2.0,3.0,yaw_left
8.1,0.1,45.1,0.6,0.7,0.1,-79.0,-86.0,123.0,3.0,4.0,2.0,4.0,3.0,3.0,4.0,2.0,4.0,yaw_left
40.1,10.1,35.1,-0.8,0.0,-0.7,-28.0,-80.0,147.0,2.0,4.0,3.0,3.0,3.0,2.0,3.0,3.0,4.0,yaw_left
56.1,8.1,16.1,-0.6,0.9,0.4,148.0,64.0,158.0,2.0,2.0,3.0,2.0,3.0,2.0,3.0,3.0,2.0,yaw_left
95.1,37.1,45.1,0.8,-0.1,-0.6,67.0,-76.0,-137.0,3.0,2.0,2.0,3.0,3.0,3.0,2.0,2.0,3.0,yaw_left
99.1,21.1,42.1,-0.2,-0.1,0.7,19.0,-78.0,-163.0,2.0,2.0,4.0,3.0,3.0,3.0,2.0,3.0,2.0,yaw_left
61.1,38.1,18.1,0.1,-0.8,0.1,-45.0,-11.0,103.0,4.0,2.0,2.0,3.0,2.0,4.0,4.0,3.0,2.0,yaw_left
9.1,1.1,39.1,-0.4,-1.0,-0.1,-122.0,-76.0,-85.0,4.0,2.0,3.0,3.0,3.0,2.0,3.0,4.0,3.0,yaw_left
20.1,30.1,4.1,-0.7,0.8,-0.7,-112.0,-12.0,95.0,3.0,2.0,2.0,4.0,2.0,4.0,2.0,2.0,3.0,yaw_left
13.1,37.1,10.1,-0.5,-0.5,0.6,174.0,41.0,-92.0,2.0,2.0,2.0,2.0,2.0,4.0,3.0,4.0,4.0,yaw_left
70.1,40.1,1.1,-0.5,0.1,-0.4,42.0,73.0,84.0,4.0,3.0,4.0,2.0,4.0,4.0,2.0,4.0,4.0,yaw_left
48.1,14.1,26.1,-0.2,-0.6,0.4,128.0,15.0,51.0,4.0,3.0,4.0,3.0,2.0,3.0,4.0,2.0,2.0,yaw_left
74.1,7.1,26.1,0.5,-0.4,0.5,-156.0,20.0,-96.0,2.0,3.0,3.0,2.0,3.0,4.0,3.0,4.0,4.0,yaw_left
59.1,13.1,45.1,-0.6,0.7,0.0,122.0,-64.0,-127.0,4.0,3.0,3.0,3.0,2.0,4.0,3.0,2.0,4.0,yaw_left
72.1,8.1,37.1,-0.8,-0.6,-0.4,-138.0,-77.0,124.0,2.0,3.0,4.0,2.0,2.0,4.0,4.0,4.0,2.0,yaw_left
87.1,43.1,0.1,0.3,-0.1,0.6,-27.0,-69.0,-43.0,4.0,2.0,4.0,2.0,4.0,3.0,3.0,3.0,2.0,yaw_left
80.1,48.1,4.1,-0.9,-0.1,-0.7,-42.0,-84.0,-143.0,2.0,4.0,3.0,2.0,4.0,4.0,2.0,3.0,2.0,yaw_left
8.1,17.1,48.1,0.5,0.9,-0.2,-159.0,21.0,61.0,3.0,3.0,4.0,3.0,2.0,3.0,2.0,3.0,4.0,yaw_left
51.1,0.1,19.1,0.7,0.0,-0.4,-9.0,-73.0,-180.0,2.0,4.0,2.0,2.0,2.0,4.0,4.0,2.0,2.0,yaw_left
88.1,3.1,33.1,-0.1,-0.1,0.3,-67.0,-36.0,24.0,3.0,3.0,2.0,4.0,4.0,4.0,4.0,4.0,2.0,yaw_left
91.1,47.1,4.1,-0.3,0.7,0.4,114.0,-14.0,-114.0,3.0,4.0,4.0,4.0,2.0,3.0,3.0,3.0,3.0,yaw_left
62.1,3.1,14.1,0.8,0.9,0.8,-13.0,10.0,111.0,3.0,3.0,3.0,4.0,4.0,3.0,3.0,3.0,4.0,yaw_left
64.1,32.1,41.1,0.2,0.8,-0.5,36.0,-48.0,-159.0,2.0,4.0,4.0,3.0,3.0,2.0,2.0,3.0,3.0,yaw_left
69.1,7.1,1.1,-0.8,0.2,-0.6,159.0,-72.0,98.0,2.0,2.0,2.0,2.0,2.0,4.0,3.0,3.0,2.0,yaw_left
10.1,5.1,39.1,0.7,-1.0,0.7,-17.0,-45.0,54.0,3.0,2.0,4.0,2.0,4.0,4.0,2.0,4.0,2.0,yaw_left
28.1,6.1,36.1,-0.4,-0.7,0.6,-139.0,46.0,142.0,3.0,3.0,3.0,3.0,3.0,2.0,3.0,2.0,3.0,yaw_left
69.1,40.1,12.1,0.9,-0.3,-0.7,25.0,-36.0,119.0,3.0,3.0,2.0,3.0,3.0,3.0,2.0,4.0,3.0,yaw_left
60.1,9.1,43.1,0.1,-0.9,0.7,-70.0,11.0,-37.0,2.0,4.0,3.0,4.0,2.0,2.0,4.0,3.0,3.0,yaw_left
67.1,9.1,14.1,-0.5,0.7,-0.4,147.0,-62.0,129.0,3.0,4.0,4.0,3.0,2.0,3.0,4.0,2.0,2.0,yaw_left
65.1,31.1,25.1,0.5,-0.6,-0.7,-85.0,70.0,-174.0,3.0,2.0,4.0,3.0,3.0,4.0,2.0,3.0,4.0,yaw_left
69.1,40.1,42.1,0.2,-0.7,-0.5,93.0,-36.0,132.0,4.0,4.0,3.0,2.0,2.0,3.0,4.0,3.0,2.0,yaw_left
31.1,21.1,10.1,0.2,0.2,0.9,-117.0,69.0,9.0,2.0,2.0,3.0,3.0,3.0,2.0,2.0,2.0,2.0,yaw_left
47.1,26.1,6.1,0.2,-0.6,0.8,163.0,-89.0,-90.0,3.0,4.0,3.0,2.0,4.0,2.0,4.0,2.0,3.0,yaw_left
66.1,4.1,4.1,-0.4,0.0,0.2,179.0,-41.0,-26.0,4.0,2.0,2.0,3.0,4.0,2.0,2.0,3.0,4.0,yaw_left
38.1,42.1,19.1,-0.7,-0.4,0.4,-94.0,-40.0,-74.0,3.0,4.0,4.0,3.0,2.0,4.0,3.0,3.0,3.0,yaw_left
12.1,25.1,11.1,-1.0,0.9,-0.4,-100.0,-54.0,121.0,2.0,4.0,4.0,4.0,4.0,4.0,2.0,2.0,2.0,yaw_left
27.1,43.1,28.1,-0.6,-0.6,-0.2,111.0,66.0,-43.0,2.0,2.0,4.0,4.0,2.0,3.0,3.0,4.0,2.0,yaw_left
30.1,33.1,8.1,0.9,0.6,-0.7,-147.0,23.0,131.0,3.0,3.0,4.0,2.0,2.0,2.0,2.0,2.0,3.0,yaw_left
26.1,2.1,47.1,-0.2,-0.6,-0.4,109.0,69.0,-169.0,2.0,4.0,2.0,4.0,4.0,2.0,3.0,2.0,4.0,yaw_left
37.1,40.1,25.1,-0.7,-0.7,0.6,-26.0,64.0,-158.0,2.0,2.0,4.0,2.0,2.0,2.0,3.0,4.0,3.0,yaw_left
85.1,40.1,23.1,-0.2,0.4,0.5,119.0,29.0,55.0,3.0,4.0,4.0,4.0,2.0,2.0,4.0,4.0,2.0,yaw_left
39.1,30.1,28.1,0.8,-0.7,-0.3,-40.0,85.0,168.0,2.0,4.0,2.0,4.0,3.0,2.0,3.0,3.0,3.0,yaw_left
61.1,26.1,26.1,-0.1,-0.1,-0.6,125.0,-60.0,-63.0,4.0,3.0,2.0,3.0,4.0,2.0,2.0,2.0,3.0,yaw_left
1.1,15.1,29.1,-0.4,0.3,-0.8,78.0,-58.0,-84.0,2.0,3.0,2.0,2.0,2.0,4.0,3.0,4.0,4.0,yaw_left
73.1,45.1,45.1,0.3,-0.9,-0.2,-30.0,85.0,-51.0,4.0,3.0,3.0,4.0,4.0,4.0,2.0,4.0,2.0,yaw_left
8.1,2.1,17.1,0.4,0.3,0.9,174.0,-10.0,26.0,3.0,4.0,2.0,4.0,3.0,3.0,3.0,3.0,3.0,yaw_left
64.1,31.1,29.1,0.4,0.9,0.4,122.0,73.0,118.0,2.0,2.0,4.0,2.0,3.0,3.0,2.0,4.0,2.0,yaw_left
71.1,31.1,41.1,0.2,-0.8,0.2,0.0,84.0,116.0,4.0,2.0,2.0,2.0,2.0,2.0,3.0,4.0,3.0,yaw_left
24.1,26.1,37.1,0.7,0.1,0.2,150.0,34.0,37.0,4.0,2.0,3.0,3.0,3.0,2.0,3.0,4.0,2.0,yaw_left
98.1,16.1,1.1,0.7,-1.0,-0.8,-160.0,-89.0,-45.0,2.0,3.0,2.0,2.0,4.0,4.0,2.0,2.0,3.0,yaw_left
8.1,0.1,45.1,0.6,0.7,0.1,-79.0,-86.0,123.0,3.0,4.0,2.0,4.0,3.0,3.0,4.0,2.0,4.0,yaw_left
40.1,10.1,35.1,-0.8,0.0,-0.7,-28.0,-80.0,147.0,2.0,4.0,3.0,3.0,3.0,2.0,3.0,3.0,4.0,yaw_left
56.1,8.1,16.1,-0.6,0.9,0.4,148.0,64.0,158.0,2.0,2.0,3.0,2.0,3.0,2.0,3.0,3.0,2.0,yaw_left
56.1,23.1,5.1,-0.6,0.7,-0.7,93.0,-47.0,-45.0,3.0,2.0,2.0,2.0,2.0,4.0,2.0,4.0,2.0,yaw_left
99.1,21.1,42.1,-0.2,-0.1,0.7,19.0,-78.0,-163.0,2.0,2.0,4.0,3.0,3.0,3.0,2.0,3.0,2.0,yaw_left
61.1,38.1,18.1,0.1,-0.8,0.1,-45.0,-11.0,103.0,4.0,2.0,2.0,3.0,2.0,4.0,4.0,3.0,2.0,yaw_left
9.1,1.1,39.1,-0.4,-1.0,-0.1,-122.0,-76.0,-85.0,4.0,2.0,3.0,3.0,3.0,2.0,3.0,4.0,3.0,yaw_left
20.1,30.1,4.1,-0.7,0.8,-0.7,-112.0,-12.0,95.0,3.0,2.0,2.0,4.0,2.0,4.0,2.0,2.0,3.0,yaw_left
13.1,37.1,10.1,-0.5,-0.5,0.6,174.0,41.0,-92.0,2.0,2.0,2.0,2.0,2.0,4.0,3.0,4.0,4.0,yaw_left
70.1,40.1,1.1,-0.5,0.1,-0.4,42.0,73.0,84.0,4.0,3.0,4.0,2.0,4.0,4.0,2.0,4.0,4.0,yaw_left
48.1,14.1,26.1,-0.2,-0.6,0.4,128.0,15.0,51.0,4.0,3.0,4.0,3.0,2.0,3.0,4.0,2.0,2.0,yaw_left
74.1,7.1,26.1,0.5,-0.4,0.5,-156.0,20.0,-96.0,2.0,3.0,3.0,2.0,3.0,4.0,3.0,4.0,4.0,yaw_left
59.1,13.1,45.1,-0.6,0.7,0.0,122.0,-64.0,-127.0,4.0,3.0,3.0,3.0,2.0,4.0,3.0,2.0,4.0,yaw_left
72.1,8.1,37.1,-0.8,-0.6,-0.4,-138.0,-77.0,124.0,2.0,3.0,4.0,2.0,2.0,4.0,4.0,4.0,2.0,yaw_left
87.1,43.1,0.1,0.3,-0.1,0.6,-27.0,-69.0,-43.0,4.0,2.0,4.0,2.0,4.0,3.0,3.0,3.0,2.0,yaw_left
80.1,48.1,4.1,-0.9,-0.1,-0.7,-42.0,-84.0,-143.0,2.0,4.0,3.0,2.0,4.0,4.0,2.0,3.0,2.0,yaw_left
8.1,17.1,48.1,0.5,0.9,-0.2,-159.0,21.0,61.0,3.0,3.0,4.0,3.0,2.0,3.0,2.0,3.0,4.0,yaw_left
51.1,0.1,19.1,0.7,0.0,-0.4,-9.0,-73.0,-180.0,2.0,4.0,2.0,2.0,2.0,4.0,4.0,2.0,2.0,yaw_left
88.1,3.1,33.1,-0.1,-0.1,0.3,-67.0,-36.0,24.0,3.0,3.0,2.0,4.0,4.0,4.0,4.0,4.0,2.0,yaw_left
91.1,47.1,4.1,-0.3,0.7,0.4,114.0,-14.0,-114.0,3.0,4.0,4.0,4.0,2.0,3.0,3.0,3.0,3.0,yaw_left
62.1,3.1,14.1,0.8,0.9,0.8,-13.0,10.0,111.0,3.0,3.0,3.0,4.0,4.0,3.0,3.0,3.0,4.0,yaw_left
64.1,32.1,41.1,0.2,0.8,-0.5,36.0,-48.0,-159.0,2.0,4.0,4.0,3.0,3.0,2.0,2.0,3.0,3.0,yaw_left
69.1,7.1,1.1,-0.8,0.2,-0.6,159.0,-72.0,98.0,2.0,2.0,2.0,2.0,2.0,4.0,3.0,3.0,2.0,yaw_left
10.1,5.1,39.1,0.7,-1.0,0.7,-17.0,-45.0,54.0,3.0,2.0,4.0,2.0,4.0,4.0,2.0,4.0,2.0,yaw_left
28.1,6.1,36.1,-0.4,-0.7,0.6,-139.0,46.0,142.0,3.0,3.0,3.0,3.0,3.0,2.0,3.0,2.0,3.0,yaw_left
69.1,40.1,12.1,0.9,-0.3,-0.7,25.0,-36.0,119.0,3.0,3.0,2.0,3.0,3.0,3.0,2.0,4.0,3.0,yaw_left
60.1,9.1,43.1,0.1,-0.9,0.7,-70.0,11.0,-37.0,2.0,4.0,3.0,4.0,2.0,2.0,4.0,3.0,3.0,yaw_left
67.1,9.1,14.1,-0.5,0.7,-0.4,147.0,-62.0,129.0,3.0,4.0,4.0,3.0,2.0,3.0,4.0,2.0,2.0,yaw_left
65.1,31.1,25.1,0.5,-0.6,-0.7,-85.0,70.0,-174.0,3.0,2.0,4.0,3.0,3.0,4.0,2.0,3.0,4.0,yaw_left
69.1,40.1,42.1,0.2,-0.7,-0.5,93.0,-36.0,132.0,4.0,4.0,3.0,2.0,2.0,3.0,4.0,3.0,2.0,yaw_left
31.1,21.1,10.1,0.2,0.2,0.9,-117.0,69.0,9.0,2.0,2.0,3.0,3.0,3.0,2.0,2.0,2.0,2.0,yaw_left
47.1,26.1,6.1,0.2,-0.6,0.8,163.0,-89.0,-90.0,3.0,4.0,3.0,2.0,4.0,2.0,4.0,2.0,3.0,yaw_left
66.1,4.1,4.1,-0.4,0.0,0.2,179.0,-41.0,-26.0,4.0,2.0,2.0,3.0,4.0,2.0,2.0,3.0,4.0,yaw_left
38.1,42.1,19.1,-0.7,-0.4,0.4,-94.0,-40.0,-74.0,3.0,4.0,4.0,3.0,2.0,4.0,3.0,3.0,3.0,yaw_left
12.1,25.1,11.1,-1.0,0.9,-0.4,-100.0,-54.0,121.0,2.0,4.0,4.0,4.0,4.0,4.0,2.0,2.0,2.0,yaw_left
27.1,43.1,28.1,-0.6,-0.6,-0.2,111.0,66.0,-43.0,2.0,2.0,4.0,4.0,2.0,3.0,3.0,4.0,2.0,yaw_left
30.1,33.1,8.1,0.9,0.6,-0.7,-147.0,23.0,131.0,3.0,3.0,4.0,2.0,2.0,2.0,2.0,2.0,3.0,yaw_left
26.1,2.1,47.1,-0.2,-0.6,-0.4,109.0,69.0,-169.0,2.0,4.0,2.0,4.0,4.0,2.0,3.0,2.0,4.0,yaw_left
37.1,40.1,25.1,-0.7,-0.7,0.6,-26.0,64.0,-158.0,2.0,2.0,4.0,2.0,2.0,2.0,3.0,4.0,3.0,yaw_left
85.1,40.1,23.1,-0.2,0.4,0.5,119.0,29.0,55.0,3.0,4.0,4.0,4.0,2.0,2.0,4.0,4.0,2.0,yaw_left
39.1,30.1,28.1,0.8,-0.7,-0.3,-40.0,85.0,168.0,2.0,4.0,2.0,4.0,3.0,2.0,3.0,3.0,3.0,yaw_left
61.1,26.1,26.1,-0.1,-0.1,-0.6,125.0,-60.0,-63.0,4.0,3.0,2.0,3.0,4.0,2.0,2.0,2.0,3.0,yaw_left
1.1,15.1,29.1,-0.4,0.3,-0.8,78.0,-58.0,-84.0,2.0,3.0,2.0,2.0,2.0,4.0,3.0,4.0,4.0,yaw_left
73.1,45.1,45.1,0.3,-0.9,-0.2,-30.0,85.0,-51.0,4.0,3.0,3.0,4.0,4.0,4.0,2.0,4.0,2.0,yaw_left
8.1,2.1,17.1,0.4,0.3,0.9,174.0,-10.0,26.0,3.0,4.0,2.0,4.0,3.0,3.0,3.0,3.0,3.0,yaw_left
64.1,31.1,29.1,0.4,0.9,0.4,122.0,73.0,118.0,2.0,2.0,4.0,2.0,3.0,3.0,2.0,4.0,2.0,yaw_left
71.1,31.1,41.1,0.2,-0.8,0.2,0.0,84.0,116.0,4.0,2.0,2.0,2.0,2.0,2.0,3.0,4.0,3.0,yaw_left
24.1,26.1,37.1,0.7,0.1,0.2,150.0,34.0,37.0,4.0,2.0,3.0,3.0,3.0,2.0,3.0,4.0,2.0,yaw_left
98.1,16.1,1.1,0.7,-1.0,-0.8,-160.0,-89.0,-45.0,2.0,3.0,2.0,2.0,4.0,4.0,2.0,2.0,3.0,yaw_left
8.1,0.1,45.1,0.6,0.7,0.1,-79.0,-86.0,123.0,3.0,4.0,2.0,4.0,3.0,3.0,4.0,2.0,4.0,yaw_left
40.1,10.1,35.1,-0.8,0.0,-0.7,-28.0,-80.0,147.0,2.0,4.0,3.0,3.0,3.0,2.0,3.0,3.0,4.0,yaw_left
56.1,8.1,16.1,-0.6,0.9,0.4,148.0,64.0,158.0,2.0,2.0,3.0,2.0,3.0,2.0,3.0,3.0,2.0,yaw_left
56.1,23.1,5.1,-0.6,0.7,-0.7,93.0,-47.0,-45.0,3.0,2.0,2.0,2.0,2.0,4.0,2.0,4.0,2.0,yaw_left
22.1,44.1,33.1,0.1,0.7,0.9,106.0,-74.0,-138.0,3.0,4.0,3.0,2.0,4.0,2.0,2.0,3.0,2.0,yaw_left
61.1,38.1,18.1,0.1,-0.8,0.1,-45.0,-11.0,103.0,4.0,2.0,2.0,3.0,2.0,4.0,4.0,3.0,2.0,yaw_left
9.1,1.1,39.1,-0.4,-1.0,-0.1,-122.0,-76.0,-85.0,4.0,2.0,3.0,3.0,3.0,2.0,3.0,4.0,3.0,yaw_left
20.1,30.1,4.1,-0.7,0.8,-0.7,-112.0,-12.0,95.0,3.0,2.0,2.0,4.0,2.0,4.0,2.0,2.0,3.0,yaw_left
13.1,37.1,10.1,-0.5,-0.5,0.6,174.0,41.0,-92.0,2.0,2.0,2.0,2.0,2.0,4.0,3.0,4.0,4.0,yaw_left
70.1,40.1,1.1,-0.5,0.1,-0.4,42.0,73.0,84.0,4.0,3.0,4.0,2.0,4.0,4.0,2.0,4.0,4.0,yaw_left
48.1,14.1,26.1,-0.2,-0.6,0.4,128.0,15.0,51.0,4.0,3.0,4.0,3.0,2.0,3.0,4.0,2.0,2.0,yaw_left
74.1,7.1,26.1,0.5,-0.4,0.5,-156.0,20.0,-96.0,2.0,3.0,3.0,2.0,3.0,4.0,3.0,4.0,4.0,yaw_left
59.1,13.1,45.1,-0.6,0.7,0.0,122.0,-64.0,-127.0,4.0,3.0,3.0,3.0,2.0,4.0,3.0,2.0,4.0,yaw_left
72.1,8.1,37.1,-0.8,-0.6,-0.4,-138.0,-77.0,124.0,2.0,3.0,4.0,2.0,2.0,4.0,4.0,4.0,2.0,yaw_left
87.1,43.1,0.1,0.3,-0.1,0.6,-27.0,-69.0,-43.0,4.0,2.0,4.0,2.0,4.0,3.0,3.0,3.0,2.0,yaw_left
80.1,48.1,4.1,-0.9,-0.1,-0.7,-42.0,-84.0,-143.0,2.0,4.0,3.0,2.0,4.0,4.0,2.0,3.0,2.0,yaw_left
8.1,17.1,48.1,0.5,0.9,-0.2,-159.0,21.0,61.0,3.0,3.0,4.0,3.0,2.0,3.0,2.0,3.0,4.0,yaw_left
51.1,0.1,19.1,0.7,0.0,-0.4,-9.0,-73.0,-180.0,2.0,4.0,2.0,2.0,2.0,4.0,4.0,2.0,2.0,yaw_left
88.1,3.1,33.1,-0.1,-0.1,0.3,-67.0,-36.0,24.0,3.0,3.0,2.0,4.0,4.0,4.0,4.0,4.0,2.0,yaw_left
91.1,47.1,4.1,-0.3,0.7,0.4,114.0,-14.0,-114.0,3.0,4.0,4.0,4.0,2.0,3.0,3.0,3.0,3.0,yaw_left
62.1,3.1,14.1,0.8,0.9,0.8,-13.0,10.0,111.0,3.0,3.0,3.0,4.0,4.0,3.0,3.0,3.0,4.0,yaw_left
64.1,32.1,41.1,0.2,0.8,-0.5,36.0,-48.0,-159.0,2.0,4.0,4.0,3.0,3.0,2.0,2.0,3.0,3.0,yaw_left
69.1,7.1,1.1,-0.8,0.2,-0.6,159.0,-72.0,98.0,2.0,2.0,2.0,2.0,2.0,4.0,3.0,3.0,2.0,yaw_left
10.1,5.1,39.1,0.7,-1.0,0.7,-17.0,-45.0,54.0,3.0,2.0,4.0,2.0,4.0,4.0,2.0,4.0,2.0,yaw_left
28.1,6.1,36.1,-0.4,-0.7,0.6,-139.0,46.0,142.0,3.0,3.0,3.0,3.0,3.0,2.0,3.0,2.0,3.0,yaw_left
69.1,40.1,12.1,0.9,-0.3,-0.7,25.0,-36.0,119.0,3.0,3.0,2.0,3.0,3.0,3.0,2.0,4.0,3.0,yaw_left
60.1,9.1,43.1,0.1,-0.9,0.7,-70.0,11.0,-37.0,2.0,4.0,3.0,4.0,2.0,2.0,4.0,3.0,3.0,yaw_left
67.1,9.1,14.1,-0.5,0.7,-0.4,147.0,-62.0,129.0,3.0,4.0,4.0,3.0,2.0,3.0,4.0,2.0,2.0,yaw_left
65.1,31.1,25.1,0.5,-0.6,-0.7,-85.0,70.0,-174.0,3.0,2.0,4.0,3.0,3.0,4.0,2.0,3.0,4.0,yaw_left
69.1,40.1,42.1,0.2,-0.7,-0.5,93.0,-36.0,132.0,4.0,4.0,3.0,2.0,2.0,3.0,4.0,3.0,2.0,yaw_left
31.1,21.1,10.1,0.2,0.2,0.9,-117.0,69.0,9.0,2.0,2.0,3.0,3.0,3.0,2.0,2.0,2.0,2.0,yaw_left
47.1,26.1,6.1,0.2,-0.6,0.8,163.0,-89.0,-90.0,3.0,4.0,3.0,2.0,4.0,2.0,4.0,2.0,3.0,yaw_left
66.1,4.1,4.1,-0.4,0.0,0.2,179.0,-41.0,-26.0,4.0,2.0,2.0,3.0,4.0,2.0,2.0,3.0,4.0,yaw_left
38.1,42.1,19.1,-0.7,-0.4,0.4,-94.0,-40.0,-74.0,3.0,4.0,4.0,3.0,2.0,4.0,3.0,3.0,3.0,yaw_left
12.1,25.1,11.1,-1.0,0.9,-0.4,-100.0,-54.0,121.0,2.0,4.0,4.0,4.0,4.0,4.0,2.0,2.0,2.0,yaw_left
27.1,43.1,28.1,-0.6,-0.6,-0.2,111.0,66.0,-43.0,2.0,2.0,4.0,4.0,2.0,3.0,3.0,4.0,2.0,yaw_left
30.1,33.1,8.1,0.9,0.6,-0.7,-147.0,23.0,131.0,3.0,3.0,4.0,2.0,2.0,2.0,2.0,2.0,3.0,yaw_left
26.1,2.1,47.1,-0.2,-0.6,-0.4,109.0,69.0,-169.0,2.0,4.0,2.0,4.0,4.0,2.0,3.0,2.0,4.0,yaw_left
37.1,40.1,25.1,-0.7,-0.7,0.6,-26.0,64.0,-158.0,2.0,2.0,4.0,2.0,2.0,2.0,3.0,4.0,3.0,yaw_left
85.1,40.1,23.1,-0.2,0.4,0.5,119.0,29.0,55.0,3.0,4.0,4.0,4.0,2.0,2.0,4.0,4.0,2.0,yaw_left
39.1,30.1,28.1,0.8,-0.7,-0.3,-40.0,85.0,168.0,2.0,4.0,2.0,4.0,3.0,2.0,3.0,3.0,3.0,yaw_left
61.1,26.1,26.1,-0.1,-0.1,-0.6,125.0,-60.0,-63.0,4.0,3.0,2.0,3.0,4.0,2.0,2.0,2.0,3.0,yaw_left
1.1,15.1,29.1,-0.4,0.3,-0.8,78.0,-58.0,-84.0,2.0,3.0,2.0,2.0,2.0,4.0,3.0,4.0,4.0,yaw_left
73.1,45.1,45.1,0.3,-0.9,-0.2,-30.0,85.0,-51.0,4.0,3.0,3.0,4.0,4.0,4.0,2.0,4.0,2.0,yaw_left
8.1,2.1,17.1,0.4,0.3,0.9,174.0,-10.0,26.0,3.0,4.0,2.0,4.0,3.0,3.0,3.0,3.0,3.0,yaw_left
64.1,31.1,29.1,0.4,0.9,0.4,122.0,73.0,118.0,2.0,2.0,4.0,2.0,3.0,3.0,2.0,4.0,2.0,yaw_left
71.1,31.1,41.1,0.2,-0.8,0.2,0.0,84.0,116.0,4.0,2.0,2.0,2.0,2.0,2.0,3.0,4.0,3.0,yaw_left
24.1,26.1,37.1,0.7,0.1,0.2,150.0,34.0,37.0,4.0,2.0,3.0,3.0,3.0,2.0,3.0,4.0,2.0,yaw_left
98.1,16.1,1.1,0.7,-1.0,-0.8,-160.0,-89.0,-45.0,2.0,3.0,2.0,2.0,4.0,4.0,2.0,2.0,3.0,yaw_left
8.1,0.1,45.1,0.6,0.7,0.1,-79.0,-86.0,123.0,3.0,4.0,2.0,4.0,3.0,3.0,4.0,2.0,4.0,yaw_left
40.1,10.1,35.1,-0.8,0.0,-0.7,-28.0,-80.0,147.0,2.0,4.0,3.0,3.0,3.0,2.0,3.0,3.0,4.0,yaw_left
56.1,8.1,16.1,-0.6,0.9,0.4,148.0,64.0,158.0,2.0,2.0,3.0,2.0,3.0,2.0,3.0,3.0,2.0,yaw_left
56.1,23.1,5.1,-0.6,0.7,-0.7,93.0,-47.0,-45.0,3.0,2.0,2.0,2.0,2.0,4.0,2.0,4.0,2.0,yaw_left
22.1,44.1,33.1,0.1,0.7,0.9,106.0,-74.0,-138.0,3.0,4.0,3.0,2.0,4.0,2.0,2.0,3.0,2.0,yaw_left
55.1,38.1,36.1,0.5,-1.0,-1.0,-150.0,45.0,-23.0,3.0,2.0,3.0,2.0,2.0,3.0,3.0,2.0,4.0,yaw_left
9.1,1.1,39.1,-0.4,-1.0,-0.1,-122.0,-76.0,-85.0,4.0,2.0,3.0,3.0,3.0,2.0,3.0,4.0,3.0,yaw_left
20.1,30.1,4.1,-0.7,0.8,-0.7,-112.0,-12.0,95.0,3.0,2.0,2.0,4.0,2.0,4.0,2.0,2.0,3.0,yaw_left
13.1,37.1,10.1,-0.5,-0.5,0.6,174.0,41.0,-92.0,2.0,2.0,2.0,2.0,2.0,4.0,3.0,4.0,4.0,yaw_left
70.1,40.1,1.1,-0.5,0.1,-0.4,42.0,73.0,84.0,4.0,3.0,4.0,2.0,4.0,4.0,2.0,4.0,4.0,yaw_left
48.1,14.1,26.1,-0.2,-0.6,0.4,128.0,15.0,51.0,4.0,3.0,4.0,3.0,2.0,3.0,4.0,2.0,2.0,yaw_left
74.1,7.1,26.1,0.5,-0.4,0.5,-156.0,20.0,-96.0,2.0,3.0,3.0,2.0,3.0,4.0,3.0,4.0,4.0,yaw_left
59.1,13.1,45.1,-0.6,0.7,0.0,122.0,-64.0,-127.0,4.0,3.0,3.0,3.0,2.0,4.0,3.0,2.0,4.0,yaw_left
72.1,8.1,37.1,-0.8,-0.6,-0.4,-138.0,-77.0,124.0,2.0,3.0,4.0,2.0,2.0,4.0,4.0,4.0,2.0,yaw_left
87.1,43.1,0.1,0.3,-0.1,0.6,-27.0,-69.0,-43.0,4.0,2.0,4.0,2.0,4.0,3.0,3.0,3.0,2.0,yaw_left
80.1,48.1,4.1,-0.9,-0.1,-0.7,-42.0,-84.0,-143.0,2.0,4.0,3.0,2.0,4.0,4.0,2.0,3.0,2.0,yaw_left
8.1,17.1,48.1,0.5,0.9,-0.2,-159.0,21.0,61.0,3.0,3.0,4.0,3.0,2.0,3.0,2.0,3.0,4.0,yaw_left
51.1,0.1,19.1,0.7,0.0,-0.4,-9.0,-73.0,-180.0,2.0,4.0,2.0,2.0,2.0,4.0,4.0,2.0,2.0,yaw_left
88.1,3.1,33.1,-0.1,-0.1,0.3,-67.0,-36.0,24.0,3.0,3.0,2.0,4.0,4.0,4.0,4.0,4.0,2.0,yaw_left
91.1,47.1,4.1,-0.3,0.7,0.4,114.0,-14.0,-114.0,3.0,4.0,4.0,4.0,2.0,3.0,3.0,3.0,3.0,yaw_left
62.1,3.1,14.1,0.8,0.9,0.8,-13.0,10.0,111.0,3.0,3.0,3.0,4.0,4.0,3.0,3.0,3.0,4.0,yaw_left
64.1,32.1,41.1,0.2,0.8,-0.5,36.0,-48.0,-159.0,2.0,4.0,4.0,3.0,3.0,2.0,2.0,3.0,3.0,yaw_left
69.1,7.1,1.1,-0.8,0.2,-0.6,159.0,-72.0,98.0,2.0,2.0,2.0,2.0,2.0,4.0,3.0,3.0,2.0,yaw_left
10.1,5.1,39.1,0.7,-1.0,0.7,-17.0,-45.0,54.0,3.0,2.0,4.0,2.0,4.0,4.0,2.0,4.0,2.0,yaw_left
28.1,6.1,36.1,-0.4,-0.7,0.6,-139.0,46.0,142.0,3.0,3.0,3.0,3.0,3.0,2.0,3.0,2.0,3.0,yaw_left
69.1,40.1,12.1,0.9,-0.3,-0.7,25.0,-36.0,119.0,3.0,3.0,2.0,3.0,3.0,3.0,2.0,4.0,3.0,yaw_left
60.1,9.1,43.1,0.1,-0.9,0.7,-70.0,11.0,-37.0,2.0,4.0,3.0,4.0,2.0,2.0,4.0,3.0,3.0,yaw_left
67.1,9.1,14.1,-0.5,0.7,-0.4,147.0,-62.0,129.0,3.0,4.0,4.0,3.0,2.0,3.0,4.0,2.0,2.0,yaw_left
65.1,31.1,25.1,0.5,-0.6,-0.7,-85.0,70.0,-174.0,3.0,2.0,4.0,3.0,3.0,4.0,2.0,3.0,4.0,yaw_left
69.1,40.1,42.1,0.2,-0.7,-0.5,93.0,-36.0,132.0,4.0,4.0,3.0,2.0,2.0,3.0,4.0,3.0,2.0,yaw_left
31.1,21.1,10.1,0.2,0.2,0.9,-117.0,69.0,9.0,2.0,2.0,3.0,3.0,3.0,2.0,2.0,2.0,2.0,yaw_left
47.1,26.1,6.1,0.2,-0.6,0.8,163.0,-89.0,-90.0,3.0,4.0,3.0,2.0,4.0,2.0,4.0,2.0,3.0,yaw_left
66.1,4.1,4.1,-0.4,0.0,0.2,179.0,-41.0,-26.0,4.0,2.0,2.0,3.0,4.0,2.0,2.0,3.0,4.0,yaw_left
38.1,42.1,19.1,-0.7,-0.4,0.4,-94.0,-40.0,-74.0,3.0,4.0,4.0,3.0,2.0,4.0,3.0,3.0,3.0,yaw_left
12.1,25.1,11.1,-1.0,0.9,-0.4,-100.0,-54.0,121.0,2.0,4.0,4.0,4.0,4.0,4.0,2.0,2.0,2.0,yaw_left
27.1,43.1,28.1,-0.6,-0.6,-0.2,111.0,66.0,-43.0,2.0,2.0,4.0,4.0,2.0,3.0,3.0,4.0,2.0,yaw_left
30.1,33.1,8.1,0.9,0.6,-0.7,-147.0,23.0,131.0,3.0,3.0,4.0,2.0,2.0,2.0,2.0,2.0,3.0,yaw_left
26.1,2.1,47.1,-0.2,-0.6,-0.4,109.0,69.0,-169.0,2.0,4.0,2.0,4.0,4.0,2.0,3.0,2.0,4.0,yaw_left
37.1,40.1,25.1,-0.7,-0.7,0.6,-26.0,64.0,-158.0,2.0,2.0,4.0,2.0,2.0,2.0,3.0,4.0,3.0,yaw_left
85.1,40.1,23.1,-0.2,0.4,0.5,119.0,29.0,55.0,3.0,4.0,4.0,4.0,2.0,2.0,4.0,4.0,2.0,yaw_left
39.1,30.1,28.1,0.8,-0.7,-0.3,-40.0,85.0,168.0,2.0,4.0,2.0,4.0,3.0,2.0,3.0,3.0,3.0,yaw_left
61.1,26.1,26.1,-0.1,-0.1,-0.6,125.0,-60.0,-63.0,4.0,3.0,2.0,3.0,4.0,2.0,2.0,2.0,3.0,yaw_left
1.1,15.1,29.1,-0.4,0.3,-0.8,78.0,-58.0,-84.0,2.0,3.0,2.0,2.0,2.0,4.0,3.0,4.0,4.0,yaw_left
73.1,45.1,45.1,0.3,-0.9,-0.2,-30.0,85.0,-51.0,4.0,3.0,3.0,4.0,4.0,4.0,2.0,4.0,2.0,yaw_left
8.1,2.1,17.1,0.4,0.3,0.9,174.0,-10.0,26.0,3.0,4.0,2.0,4.0,3.0,3.0,3.0,3.0,3.0,yaw_left
64.1,31.1,29.1,0.4,0.9,0.4,122.0,73.0,118.0,2.0,2.0,4.0,2.0,3.0,3.0,2.0,4.0,2.0,yaw_left
71.1,31.1,41.1,0.2,-0.8,0.2,0.0,84.0,116.0,4.0,2.0,2.0,2.0,2.0,2.0,3.0,4.0,3.0,yaw_left
24.1,26.1,37.1,0.7,0.1,0.2,150.0,34.0,37.0,4.0,2.0,3.0,3.0,3.0,2.0,3.0,4.0,2.0,yaw_left
98.1,16.1,1.1,0.7,-1.0,-0.8,-160.0,-89.0,-45.0,2.0,3.0,2.0,2.0,4.0,4.0,2.0,2.0,3.0,yaw_left
8.1,0.1,45.1,0.6,0.7,0.1,-79.0,-86.0,123.0,3.0,4.0,2.0,4.0,3.0,3.0,4.0,2.0,4.0,yaw_left
40.1,10.1,35.1,-0.8,0.0,-0.7,-28.0,-80.0,147.0,2.0,4.0,3.0,3.0,3.0,2.0,3.0,3.0,4.0,yaw_left
56.1,8.1,16.1,-0.6,0.9,0.4,148.0,64.0,158.0,2.0,2.0,3.0,2.0,3.0,2.0,3.0,3.0,2.0,yaw_left
56.1,23.1,5.1,-0.6,0.7,-0.7,93.0,-47.0,-45.0,3.0,2.0,2.0,2.0,2.0,4.0,2.0,4.0,2.0,yaw_left
22.1,44.1,33.1,0.1,0.7,0.9,106.0,-74.0,-138.0,3.0,4.0,3.0,2.0,4.0,2.0,2.0,3.0,2.0,yaw_left
55.1,38.1,36.1,0.5,-1.0,-1.0,-150.0,45.0,-23.0,3.0,2.0,3.0,2.0,2.0,3.0,3.0,2.0,4.0,yaw_left
33.1,21.1,36.1,0.8,0.4,0.0,152.0,75.0,128.0,3.0,4.0,2.0,4.0,3.0,4.0,4.0,4.0,3.0,yaw_left
20.1,30.1,4.1,-0.7,0.8,-0.7,-112.0,-12.0,95.0,3.0,2.0,2.0,4.0,2.0,4.0,2.0,2.0,3.0,yaw_left
13.1,37.1,10.1,-0.5,-0.5,0.6,174.0,41.0,-92.0,2.0,2.0,2.0,2.0,2.0,4.0,3.0,4.0,4.0,yaw_left
70.1,40.1,1.1,-0.5,0.1,-0.4,42.0,73.0,84.0,4.0,3.0,4.0,2.0,4.0,4.0,2.0,4.0,4.0,yaw_left
48.1,14.1,26.1,-0.2,-0.6,0.4,128.0,15.0,51.0,4.0,3.0,4.0,3.0,2.0,3.0,4.0,2.0,2.0,yaw_left
74.1,7.1,26.1,0.5,-0.4,0.5,-156.0,20.0,-96.0,2.0,3.0,3.0,2.0,3.0,4.0,3.0,4.0,4.0,yaw_left
59.1,13.1,45.1,-0.6,0.7,0.0,122.0,-64.0,-127.0,4.0,3.0,3.0,3.0,2.0,4.0,3.0,2.0,4.0,yaw_left
72.1,8.1,37.1,-0.8,-0.6,-0.4,-138.0,-77.0,124.0,2.0,3.0,4.0,2.0,2.0,4.0,4.0,4.0,2.0,yaw_left
87.1,43.1,0.1,0.3,-0.1,0.6,-27.0,-69.0,-43.0,4.0,2.0,4.0,2.0,4.0,3.0,3.0,3.0,2.0,yaw_left
80.1,48.1,4.1,-0.9,-0.1,-0.7,-42.0,-84.0,-143.0,2.0,4.0,3.0,2.0,4.0,4.0,2.0,3.0,2.0,yaw_left
8.1,17.1,48.1,0.5,0.9,-0.2,-159.0,21.0,61.0,3.0,3.0,4.0,3.0,2.0,3.0,2.0,3.0,4.0,yaw_left
51.1,0.1,19.1,0.7,0.0,-0.4,-9.0,-73.0,-180.0,2.0,4.0,2.0,2.0,2.0,4.0,4.0,2.0,2.0,yaw_left
88.1,3.1,33.1,-0.1,-0.1,0.3,-67.0,-36.0,24.0,3.0,3.0,2.0,4.0,4.0,4.0,4.0,4.0,2.0,yaw_left
91.1,47.1,4.1,-0.3,0.7,0.4,114.0,-14.0,-114.0,3.0,4.0,4.0,4.0,2.0,3.0,3.0,3.0,3.0,yaw_left
62.1,3.1,14.1,0.8,0.9,0.8,-13.0,10.0,111.0,3.0,3.0,3.0,4.0,4.0,3.0,3.0,3.0,4.0,yaw_left
64.1,32.1,41.1,0.2,0.8,-0.5,36.0,-48.0,-159.0,2.0,4.0,4.0,3.0,3.0,2.0,2.0,3.0,3.0,yaw_left
69.1,7.1,1.1,-0.8,0.2,-0.6,159.0,-72.0,98.0,2.0,2.0,2.0,2.0,2.0,4.0,3.0,3.0,2.0,yaw_left
10.1,5.1,39.1,0.7,-1.0,0.7,-17.0,-45.0,54.0,3.0,2.0,4.0,2.0,4.0,4.0,2.0,4.0,2.0,yaw_left
28.1,6.1,36.1,-0.4,-0.7,0.6,-139.0,46.0,142.0,3.0,3.0,3.0,3.0,3.0,2.0,3.0,2.0,3.0,yaw_left
69.1,40.1,12.1,0.9,-0.3,-0.7,25.0,-36.0,119.0,3.0,3.0,2.0,3.0,3.0,3.0,2.0,4.0,3.0,yaw_left
60.1,9.1,43.1,0.1,-0.9,0.7,-70.0,11.0,-37.0,2.0,4.0,3.0,4.0,2.0,2.0,4.0,3.0,3.0,yaw_left
67.1,9.1,14.1,-0.5,0.7,-0.4,147.0,-62.0,129.0,3.0,4.0,4.0,3.0,2.0,3.0,4.0,2.0,2.0,yaw_left
65.1,31.1,25.1,0.5,-0.6,-0.7,-85.0,70.0,-174.0,3.0,2.0,4.0,3.0,3.0,4.0,2.0,3.0,4.0,yaw_left
69.1,40.1,42.1,0.2,-0.7,-0.5,93.0,-36.0,132.0,4.0,4.0,3.0,2.0,2.0,3.0,4.0,3.0,2.0,yaw_left
31.1,21.1,10.1,0.2,0.2,0.9,-117.0,69.0,9.0,2.0,2.0,3.0,3.0,3.0,2.0,2.0,2.0,2.0,yaw_left
47.1,26.1,6.1,0.2,-0.6,0.8,163.0,-89.0,-90.0,3.0,4.0,3.0,2.0,4.0,2.0,4.0,2.0,3.0,yaw_left
66.1,4.1,4.1,-0.4,0.0,0.2,179.0,-41.0,-26.0,4.0,2.0,2.0,3.0,4.0,2.0,2.0,3.0,4.0,yaw_left
38.1,42.1,19.1,-0.7,-0.4,0.4,-94.0,-40.0,-74.0,3.0,4.0,4.0,3.0,2.0,4.0,3.0,3.0,3.0,yaw_left
12.1,25.1,11.1,-1.0,0.9,-0.4,-100.0,-54.0,121.0,2.0,4.0,4.0,4.0,4.0,4.0,2.0,2.0,2.0,yaw_left
27.1,43.1,28.1,-0.6,-0.6,-0.2,111.0,66.0,-43.0,2.0,2.0,4.0,4.0,2.0,3.0,3.0,4.0,2.0,yaw_left
30.1,33.1,8.1,0.9,0.6,-0.7,-147.0,23.0,131.0,3.0,3.0,4.0,2.0,2.0,2.0,2.0,2.0,3.0,yaw_left
26.1,2.1,47.1,-0.2,-0.6,-0.4,109.0,69.0,-169.0,2.0,4.0,2.0,4.0,4.0,2.0,3.0,2.0,4.0,yaw_left
37.1,40.1,25.1,-0.7,-0.7,0.6,-26.0,64.0,-158.0,2.0,2.0,4.0,2.0,2.0,2.0,3.0,4.0,3.0,yaw_left
85.1,40.1,23.1,-0.2,0.4,0.5,119.0,29.0,55.0,3.0,4.0,4.0,4.0,2.0,2.0,4.0,4.0,2.0,yaw_left
39.1,30.1,28.1,0.8,-0.7,-0.3,-40.0,85.0,168.0,2.0,4.0,2.0,4.0,3.0,2.0,3.0,3.0,3.0,yaw_left
61.1,26.1,26.1,-0.1,-0.1,-0.6,125.0,-60.0,-63.0,4.0,3.0,2.0,3.0,4.0,2.0,2.0,2.0,3.0,yaw_left
1.1,15.1,29.1,-0.4,0.3,-0.8,78.0,-58.0,-84.0,2.0,3.0,2.0,2.0,2.0,4.0,3.0,4.0,4.0,yaw_left
73.1,45.1,45.1,0.3,-0.9,-0.2,-30.0,85.0,-51.0,4.0,3.0,3.0,4.0,4.0,4.0,2.0,4.0,2.0,yaw_left
8.1,2.1,17.1,0.4,0.3,0.9,174.0,-10.0,26.0,3.0,4.0,2.0,4.0,3.0,3.0,3.0,3.0,3.0,yaw_left
64.1,31.1,29.1,0.4,0.9,0.4,122.0,73.0,118.0,2.0,2.0,4.0,2.0,3.0,3.0,2.0,4.0,2.0,yaw_left
71.1,31.1,41.1,0.2,-0.8,0.2,0.0,84.0,116.0,4.0,2.0,2.0,2.0,2.0,2.0,3.0,4.0,3.0,yaw_left
24.1,26.1,37.1,0.7,0.1,0.2,150.0,34.0,37.0,4.0,2.0,3.0,3.0,3.0,2.0,3.0,4.0,2.0,yaw_left
98.1,16.1,1.1,0.7,-1.0,-0.8,-160.0,-89.0,-45.0,2.0,3.0,2.0,2.0,4.0,4.0,2.0,2.0,3.0,yaw_left
8.1,0.1,45.1,0.6,0.7,0.1,-79.0,-86.0,123.0,3.0,4.0,2.0,4.0,3.0,3.0,4.0,2.0,4.0,yaw_left
40.1,10.1,35.1,-0.8,0.0,-0.7,-28.0,-80.0,147.0,2.0,4.0,3.0,3.0,3.0,2.0,3.0,3.0,4.0,yaw_left
56.1,8.1,16.1,-0.6,0.9,0.4,148.0,64.0,158.0,2.0,2.0,3.0,2.0,3.0,2.0,3.0,3.0,2.0,yaw_left
56.1,23.1,5.1,-0.6,0.7,-0.7,93.0,-47.0,-45.0,3.0,2.0,2.0,2.0,2.0,4.0,2.0,4.0,2.0,yaw_left
22.1,44.1,33.1,0.1,0.7,0.9,106.0,-74.0,-138.0,3.0,4.0,3.0,2.0,4.0,2.0,2.0,3.0,2.0,yaw_left
55.1,38.1,36.1,0.5,-1.0,-1.0,-150.0,45.0,-23.0,3.0,2.0,3.0,2.0,2.0,3.0,3.0,2.0,4.0,yaw_left
33.1,21.1,36.1,0.8,0.4,0.0,152.0,75.0,128.0,3.0,4.0,2.0,4.0,3.0,4.0,4.0,4.0,3.0,yaw_left
25.1,7.1,15.1,0.8,-0.6,-0.8,-149.0,-9.0,-53.0,4.0,3.0,4.0,4.0,3.0,3.0,3.0,4.0,4.0,yaw_left
13.1,37.1,10.1,-0.5,-0.5,0.6,174.0,41.0,-92.0,2.0,2.0,2.0,2.0,2.0,4.0,3.0,4.0,4.0,yaw_left
70.1,40.1,1.1,-0.5,0.1,-0.4,42.0,73.0,84.0,4.0,3.0,4.0,2.0,4.0,4.0,2.0,4.0,4.0,yaw_left
48.1,14.1,26.1,-0.2,-0.6,0.4,128.0,15.0,51.0,4.0,3.0,4.0,3.0,2.0,3.0,4.0,2.0,2.0,yaw_left
74.1,7.1,26.1,0.5,-0.4,0.5,-156.0,20.0,-96.0,2.0,3.0,3.0,2.0,3.0,4.0,3.0,4.0,4.0,yaw_left
59.1,13.1,45.1,-0.6,0.7,0.0,122.0,-64.0,-127.0,4.0,3.0,3.0,3.0,2.0,4.0,3.0,2.0,4.0,yaw_left
72.1,8.1,37.1,-0.8,-0.6,-0.4,-138.0,-77.0,124.0,2.0,3.0,4.0,2.0,2.0,4.0,4.0,4.0,2.0,yaw_left
87.1,43.1,0.1,0.3,-0.1,0.6,-27.0,-69.0,-43.0,4.0,2.0,4.0,2.0,4.0,3.0,3.0,3.0,2.0,yaw_left
80.1,48.1,4.1,-0.9,-0.1,-0.7,-42.0,-84.0,-143.0,2.0,4.0,3.0,2.0,4.0,4.0,2.0,3.0,2.0,yaw_left
8.1,17.1,48.1,0.5,0.9,-0.2,-159.0,21.0,61.0,3.0,3.0,4.0,3.0,2.0,3.0,2.0,3.0,4.0,yaw_left
51.1,0.1,19.1,0.7,0.0,-0.4,-9.0,-73.0,-180.0,2.0,4.0,2.0,2.0,2.0,4.0,4.0,2.0,2.0,yaw_left
88.1,3.1,33.1,-0.1,-0.1,0.3,-67.0,-36.0,24.0,3.0,3.0,2.0,4.0,4.0,4.0,4.0,4.0,2.0,yaw_left
91.1,47.1,4.1,-0.3,0.7,0.4,114.0,-14.0,-114.0,3.0,4.0,4.0,4.0,2.0,3.0,3.0,3.0,3.0,yaw_left
62.1,3.1,14.1,0.8,0.9,0.8,-13.0,10.0,111.0,3.0,3.0,3.0,4.0,4.0,3.0,3.0,3.0,4.0,yaw_left
64.1,32.1,41.1,0.2,0.8,-0.5,36.0,-48.0,-159.0,2.0,4.0,4.0,3.0,3.0,2.0,2.0,3.0,3.0,yaw_left
69.1,7.1,1.1,-0.8,0.2,-0.6,159.0,-72.0,98.0,2.0,2.0,2.0,2.0,2.0,4.0,3.0,3.0,2.0,yaw_left
10.1,5.1,39.1,0.7,-1.0,0.7,-17.0,-45.0,54.0,3.0,2.0,4.0,2.0,4.0,4.0,2.0,4.0,2.0,yaw_left
28.1,6.1,36.1,-0.4,-0.7,0.6,-139.0,46.0,142.0,3.0,3.0,3.0,3.0,3.0,2.0,3.0,2.0,3.0,yaw_left
69.1,40.1,12.1,0.9,-0.3,-0.7,25.0,-36.0,119.0,3.0,3.0,2.0,3.0,3.0,3.0,2.0,4.0,3.0,yaw_left
60.1,9.1,43.1,0.1,-0.9,0.7,-70.0,11.0,-37.0,2.0,4.0,3.0,4.0,2.0,2.0,4.0,3.0,3.0,yaw_left
67.1,9.1,14.1,-0.5,0.7,-0.4,147.0,-62.0,129.0,3.0,4.0,4.0,3.0,2.0,3.0,4.0,2.0,2.0,yaw_left
65.1,31.1,25.1,0.5,-0.6,-0.7,-85.0,70.0,-174.0,3.0,2.0,4.0,3.0,3.0,4.0,2.0,3.0,4.0,yaw_left
69.1,40.1,42.1,0.2,-0.7,-0.5,93.0,-36.0,132.0,4.0,4.0,3.0,2.0,2.0,3.0,4.0,3.0,2.0,yaw_left
31.1,21.1,10.1,0.2,0.2,0.9,-117.0,69.0,9.0,2.0,2.0,3.0,3.0,3.0,2.0,2.0,2.0,2.0,yaw_left
47.1,26.1,6.1,0.2,-0.6,0.8,163.0,-89.0,-90.0,3.0,4.0,3.0,2.0,4.0,2.0,4.0,2.0,3.0,yaw_left
66.1,4.1,4.1,-0.4,0.0,0.2,179.0,-41.0,-26.0,4.0,2.0,2.0,3.0,4.0,2.0,2.0,3.0,4.0,yaw_left
38.1,42.1,19.1,-0.7,-0.4,0.4,-94.0,-40.0,-74.0,3.0,4.0,4.0,3.0,2.0,4.0,3.0,3.0,3.0,yaw_left
12.1,25.1,11.1,-1.0,0.9,-0.4,-100.0,-54.0,121.0,2.0,4.0,4.0,4.0,4.0,4.0,2.0,2.0,2.0,yaw_left
27.1,43.1,28.1,-0.6,-0.6,-0.2,111.0,66.0,-43.0,2.0,2.0,4.0,4.0,2.0,3.0,3.0,4.0,2.0,yaw_left
30.1,33.1,8.1,0.9,0.6,-0.7,-147.0,23.0,131.0,3.0,3.0,4.0,2.0,2.0,2.0,2.0,2.0,3.0,yaw_left
26.1,2.1,47.1,-0.2,-0.6,-0.4,109.0,69.0,-169.0,2.0,4.0,2.0,4.0,4.0,2.0,3.0,2.0,4.0,yaw_left
37.1,40.1,25.1,-0.7,-0.7,0.6,-26.0,64.0,-158.0,2.0,2.0,4.0,2.0,2.0,2.0,3.0,4.0,3.0,yaw_left
85.1,40.1,23.1,-0.2,0.4,0.5,119.0,29.0,55.0,3.0,4.0,4.0,4.0,2.0,2.0,4.0,4.0,2.0,yaw_left
39.1,30.1,28.1,0.8,-0.7,-0.3,-40.0,85.0,168.0,2.0,4.0,2.0,4.0,3.0,2.0,3.0,3.0,3.0,yaw_left
61.1,26.1,26.1,-0.1,-0.1,-0.6,125.0,-60.0,-63.0,4.0,3.0,2.0,3.0,4.0,2.0,2.0,2.0,3.0,yaw_left
1.1,15.1,29.1,-0.4,0.3,-0.8,78.0,-58.0,-84.0,2.0,3.0,2.0,2.0,2.0,4.0,3.0,4.0,4.0,yaw_left
73.1,45.1,45.1,0.3,-0.9,-0.2,-30.0,85.0,-51.0,4.0,3.0,3.0,4.0,4.0,4.0,2.0,4.0,2.0,yaw_left
8.1,2.1,17.1,0.4,0.3,0.9,174.0,-10.0,26.0,3.0,4.0,2.0,4.0,3.0,3.0,3.0,3.0,3.0,yaw_left
64.1,31.1,29.1,0.4,0.9,0.4,122.0,73.0,118.0,2.0,2.0,4.0,2.0,3.0,3.0,2.0,4.0,2.0,yaw_left
71.1,31.1,41.1,0.2,-0.8,0.2,0.0,84.0,116.0,4.0,2.0,2.0,2.0,2.0,2.0,3.0,4.0,3.0,yaw_left
24.1,26.1,37.1,0.7,0.1,0.2,150.0,34.0,37.0,4.0,2.0,3.0,3.0,3.0,2.0,3.0,4.0,2.0,yaw_left
98.1,16.1,1.1,0.7,-1.0,-0.8,-160.0,-89.0,-45.0,2.0,3.0,2.0,2.0,4.0,4.0,2.0,2.0,3.0,yaw_left
8.1,0.1,45.1,0.6,0.7,0.1,-79.0,-86.0,123.0,3.0,4.0,2.0,4.0,3.0,3.0,4.0,2.0,4.0,yaw_left
40.1,10.1,35.1,-0.8,0.0,-0.7,-28.0,-80.0,147.0,2.0,4.0,3.0,3.0,3.0,2.0,3.0,3.0,4.0,yaw_left
56.1,8.1,16.1,-0.6,0.9,0.4,148.0,64.0,158.0,2.0,2.0,3.0,2.0,3.0,2.0,3.0,3.0,2.0,yaw_left
56.1,23.1,5.1,-0.6,0.7,-0.7,93.0,-47.0,-45.0,3.0,2.0,2.0,2.0,2.0,4.0,2.0,4.0,2.0,yaw_left
22.1,44.1,33.1,0.1,0.7,0.9,106.0,-74.0,-138.0,3.0,4.0,3.0,2.0,4.0,2.0,2.0,3.0,2.0,yaw_left
55.1,38.1,36.1,0.5,-1.0,-1.0,-150.0,45.0,-23.0,3.0,2.0,3.0,2.0,2.0,3.0,3.0,2.0,4.0,yaw_left
33.1,21.1,36.1,0.8,0.4,0.0,152.0,75.0,128.0,3.0,4.0,2.0,4.0,3.0,4.0,4.0,4.0,3.0,yaw_left
25.1,7.1,15.1,0.8,-0.6,-0.8,-149.0,-9.0,-53.0,4.0,3.0,4.0,4.0,3.0,3.0,3.0,4.0,4.0,yaw_left
71.1,24.1,47.1,0.1,0.6,-0.4,78.0,9.0,138.0,2.0,4.0,2.0,3.0,3.0,4.0,3.0,4.0,2.0,yaw_left
70.1,40.1,1.1,-0.5,0.1,-0.4,42.0,73.0,84.0,4.0,3.0,4.0,2.0,4.0,4.0,2.0,4.0,4.0,yaw_left
48.1,14.1,26.1,-0.2,-0.6,0.4,128.0,15.0,51.0,4.0,3.0,4.0,3.0,2.0,3.0,4.0,2.0,2.0,yaw_left
74.1,7.1,26.1,0.5,-0.4,0.5,-156.0,20.0,-96.0,2.0,3.0,3.0,2.0,3.0,4.0,3.0,4.0,4.0,yaw_left
59.1,13.1,45.1,-0.6,0.7,0.0,122.0,-64.0,-127.0,4.0,3.0,3.0,3.0,2.0,4.0,3.0,2.0,4.0,yaw_left
72.1,8.1,37.1,-0.8,-0.6,-0.4,-138.0,-77.0,124.0,2.0,3.0,4.0,2.0,2.0,4.0,4.0,4.0,2.0,yaw_left
87.1,43.1,0.1,0.3,-0.1,0.6,-27.0,-69.0,-43.0,4.0,2.0,4.0,2.0,4.0,3.0,3.0,3.0,2.0,yaw_left
80.1,48.1,4.1,-0.9,-0.1,-0.7,-42.0,-84.0,-143.0,2.0,4.0,3.0,2.0,4.0,4.0,2.0,3.0,2.0,yaw_left
8.1,17.1,48.1,0.5,0.9,-0.2,-159.0,21.0,61.0,3.0,3.0,4.0,3.0,2.0,3.0,2.0,3.0,4.0,yaw_left
51.1,0.1,19.1,0.7,0.0,-0.4,-9.0,-73.0,-180.0,2.0,4.0,2.0,2.0,2.0,4.0,4.0,2.0,2.0,yaw_left
88.1,3.1,33.1,-0.1,-0.1,0.3,-67.0,-36.0,24.0,3.0,3.0,2.0,4.0,4.0,4.0,4.0,4.0,2.0,yaw_left
91.1,47.1,4.1,-0.3,0.7,0.4,114.0,-14.0,-114.0,3.0,4.0,4.0,4.0,2.0,3.0,3.0,3.0,3.0,yaw_left
62.1,3.1,14.1,0.8,0.9,0.8,-13.0,10.0,111.0,3.0,3.0,3.0,4.0,4.0,3.0,3.0,3.0,4.0,yaw_left
64.1,32.1,41.1,0.2,0.8,-0.5,36.0,-48.0,-159.0,2.0,4.0,4.0,3.0,3.0,2.0,2.0,3.0,3.0,yaw_left
69.1,7.1,1.1,-0.8,0.2,-0.6,159.0,-72.0,98.0,2.0,2.0,2.0,2.0,2.0,4.0,3.0,3.0,2.0,yaw_left
10.1,5.1,39.1,0.7,-1.0,0.7,-17.0,-45.0,54.0,3.0,2.0,4.0,2.0,4.0,4.0,2.0,4.0,2.0,yaw_left
28.1,6.1,36.1,-0.4,-0.7,0.6,-139.0,46.0,142.0,3.0,3.0,3.0,3.0,3.0,2.0,3.0,2.0,3.0,yaw_left
69.1,40.1,12.1,0.9,-0.3,-0.7,25.0,-36.0,119.0,3.0,3.0,2.0,3.0,3.0,3.0,2.0,4.0,3.0,yaw_left
60.1,9.1,43.1,0.1,-0.9,0.7,-70.0,11.0,-37.0,2.0,4.0,3.0,4.0,2.0,2.0,4.0,3.0,3.0,yaw_left
67.1,9.1,14.1,-0.5,0.7,-0.4,147.0,-62.0,129.0,3.0,4.0,4.0,3.0,2.0,3.0,4.0,2.0,2.0,yaw_left
65.1,31.1,25.1,0.5,-0.6,-0.7,-85.0,70.0,-174.0,3.0,2.0,4.0,3.0,3.0,4.0,2.0,3.0,4.0,yaw_left
69.1,40.1,42.1,0.2,-0.7,-0.5,93.0,-36.0,132.0,4.0,4.0,3.0,2.0,2.0,3.0,4.0,3.0,2.0,yaw_left
31.1,21.1,10.1,0.2,0.2,0.9,-117.0,69.0,9.0,2.0,2.0,3.0,3.0,3.0,2.0,2.0,2.0,2.0,yaw_left
47.1,26.1,6.1,0.2,-0.6,0.8,163.0,-89.0,-90.0,3.0,4.0,3.0,2.0,4.0,2.0,4.0,2.0,3.0,yaw_left
66.1,4.1,4.1,-0.4,0.0,0.2,179.0,-41.0,-26.0,4.0,2.0,2.0,3.0,4.0,2.0,2.0,3.0,4.0,yaw_left
38.1,42.1,19.1,-0.7,-0.4,0.4,-94.0,-40.0,-74.0,3.0,4.0,4.0,3.0,2.0,4.0,3.0,3.0,3.0,yaw_left
12.1,25.1,11.1,-1.0,0.9,-0.4,-100.0,-54.0,121.0,2.0,4.0,4.0,4.0,4.0,4.0,2.0,2.0,2.0,yaw_left
27.1,43.1,28.1,-0.6,-0.6,-0.2,111.0,66.0,-43.0,2.0,2.0,4.0,4.0,2.0,3.0,3.0,4.0,2.0,yaw_left
30.1,33.1,8.1,0.9,0.6,-0.7,-147.0,23.0,131.0,3.0,3.0,4.0,2.0,2.0,2.0,2.0,2.0,3.0,yaw_left
26.1,2.1,47.1,-0.2,-0.6,-0.4,109.0,69.0,-169.0,2.0,4.0,2.0,4.0,4.0,2.0,3.0,2.0,4.0,yaw_left
37.1,40.1,25.1,-0.7,-0.7,0.6,-26.0,64.0,-158.0,2.0,2.0,4.0,2.0,2.0,2.0,3.0,4.0,3.0,yaw_left
85.1,40.1,23.1,-0.2,0.4,0.5,119.0,29.0,55.0,3.0,4.0,4.0,4.0,2.0,2.0,4.0,4.0,2.0,yaw_left
39.1,30.1,28.1,0.8,-0.7,-0.3,-40.0,85.0,168.0,2.0,4.0,2.0,4.0,3.0,2.0,3.0,3.0,3.0,yaw_left
61.1,26.1,26.1,-0.1,-0.1,-0.6,125.0,-60.0,-63.0,4.0,3.0,2.0,3.0,4.0,2.0,2.0,2.0,3.0,yaw_left
1.1,15.1,29.1,-0.4,0.3,-0.8,78.0,-58.0,-84.0,2.0,3.0,2.0,2.0,2.0,4.0,3.0,4.0,4.0,yaw_left
73.1,45.1,45.1,0.3,-0.9,-0.2,-30.0,85.0,-51.0,4.0,3.0,3.0,4.0,4.0,4.0,2.0,4.0,2.0,yaw_left
8.1,2.1,17.1,0.4,0.3,0.9,174.0,-10.0,26.0,3.0,4.0,2.0,4.0,3.0,3.0,3.0,3.0,3.0,yaw_left
64.1,31.1,29.1,0.4,0.9,0.4,122.0,73.0,118.0,2.0,2.0,4.0,2.0,3.0,3.0,2.0,4.0,2.0,yaw_left
71.1,31.1,41.1,0.2,-0.8,0.2,0.0,84.0,116.0,4.0,2.0,2.0,2.0,2.0,2.0,3.0,4.0,3.0,yaw_left
24.1,26.1,37.1,0.7,0.1,0.2,150.0,34.0,37.0,4.0,2.0,3.0,3.0,3.0,2.0,3.0,4.0,2.0,yaw_left
98.1,16.1,1.1,0.7,-1.0,-0.8,-160.0,-89.0,-45.0,2.0,3.0,2.0,2.0,4.0,4.0,2.0,2.0,3.0,yaw_left
8.1,0.1,45.1,0.6,0.7,0.1,-79.0,-86.0,123.0,3.0,4.0,2.0,4.0,3.0,3.0,4.0,2.0,4.0,yaw_left
40.1,10.1,35.1,-0.8,0.0,-0.7,-28.0,-80.0,147.0,2.0,4.0,3.0,3.0,3.0,2.0,3.0,3.0,4.0,yaw_left
56.1,8.1,16.1,-0.6,0.9,0.4,148.0,64.0,158.0,2.0,2.0,3.0,2.0,3.0,2.0,3.0,3.0,2.0,yaw_left
56.1,23.1,5.1,-0.6,0.7,-0.7,93.0,-47.0,-45.0,3.0,2.0,2.0,2.0,2.0,4.0,2.0,4.0,2.0,yaw_left
22.1,44.1,33.1,0.1,0.7,0.9,106.0,-74.0,-138.0,3.0,4.0,3.0,2.0,4.0,2.0,2.0,3.0,2.0,yaw_left
55.1,38.1,36.1,0.5,-1.0,-1.0,-150.0,45.0,-23.0,3.0,2.0,3.0,2.0,2.0,3.0,3.0,2.0,4.0,yaw_left
33.1,21.1,36.1,0.8,0.4,0.0,152.0,75.0,128.0,3.0,4.0,2.0,4.0,3.0,4.0,4.0,4.0,3.0,yaw_left
25.1,7.1,15.1,0.8,-0.6,-0.8,-149.0,-9.0,-53.0,4.0,3.0,4.0,4.0,3.0,3.0,3.0,4.0,4.0,yaw_left
71.1,24.1,47.1,0.1,0.6,-0.4,78.0,9.0,138.0,2.0,4.0,2.0,3.0,3.0,4.0,3.0,4.0,2.0,yaw_left
99.1,14.1,24.1,0.5,0.7,0.9,8.0,-87.0,131.0,4.0,4.0,2.0,4.0,2.0,2.0,3.0,2.0,2.0,yaw_left
48.1,14.1,26.1,-0.2,-0.6,0.4,128.0,15.0,51.0,4.0,3.0,4.0,3.0,2.0,3.0,4.0,2.0,2.0,yaw_left
74.1,7.1,26.1,0.5,-0.4,0.5,-156.0,20.0,-96.0,2.0,3.0,3.0,2.0,3.0,4.0,3.0,4.0,4.0,yaw_left
59.1,13.1,45.1,-0.6,0.7,0.0,122.0,-64.0,-127.0,4.0,3.0,3.0,3.0,2.0,4.0,3.0,2.0,4.0,yaw_left
72.1,8.1,37.1,-0.8,-0.6,-0.4,-138.0,-77.0,124.0,2.0,3.0,4.0,2.0,2.0,4.0,4.0,4.0,2.0,yaw_left
87.1,43.1,0.1,0.3,-0.1,0.6,-27.0,-69.0,-43.0,4.0,2.0,4.0,2.0,4.0,3.0,3.0,3.0,2.0,yaw_left
80.1,48.1,4.1,-0.9,-0.1,-0.7,-42.0,-84.0,-143.0,2.0,4.0,3.0,2.0,4.0,4.0,2.0,3.0,2.0,yaw_left
8.1,17.1,48.1,0.5,0.9,-0.2,-159.0,21.0,61.0,3.0,3.0,4.0,3.0,2.0,3.0,2.0,3.0,4.0,yaw_left
51.1,0.1,19.1,0.7,0.0,-0.4,-9.0,-73.0,-180.0,2.0,4.0,2.0,2.0,2.0,4.0,4.0,2.0,2.0,yaw_left
88.1,3.1,33.1,-0.1,-0.1,0.3,-67.0,-36.0,24.0,3.0,3.0,2.0,4.0,4.0,4.0,4.0,4.0,2.0,yaw_left
91.1,47.1,4.1,-0.3,0.7,0.4,114.0,-14.0,-114.0,3.0,4.0,4.0,4.0,2.0,3.0,3.0,3.0,3.0,yaw_left
62.1,3.1,14.1,0.8,0.9,0.8,-13.0,10.0,111.0,3.0,3.0,3.0,4.0,4.0,3.0,3.0,3.0,4.0,yaw_left
64.1,32.1,41.1,0.2,0.8,-0.5,36.0,-48.0,-159.0,2.0,4.0,4.0,3.0,3.0,2.0,2.0,3.0,3.0,yaw_left
69.1,7.1,1.1,-0.8,0.2,-0.6,159.0,-72.0,98.0,2.0,2.0,2.0,2.0,2.0,4.0,3.0,3.0,2.0,yaw_left
10.1,5.1,39.1,0.7,-1.0,0.7,-17.0,-45.0,54.0,3.0,2.0,4.0,2.0,4.0,4.0,2.0,4.0,2.0,yaw_left
28.1,6.1,36.1,-0.4,-0.7,0.6,-139.0,46.0,142.0,3.0,3.0,3.0,3.0,3.0,2.0,3.0,2.0,3.0,yaw_left
69.1,40.1,12.1,0.9,-0.3,-0.7,25.0,-36.0,119.0,3.0,3.0,2.0,3.0,3.0,3.0,2.0,4.0,3.0,yaw_left
60.1,9.1,43.1,0.1,-0.9,0.7,-70.0,11.0,-37.0,2.0,4.0,3.0,4.0,2.0,2.0,4.0,3.0,3.0,yaw_left
67.1,9.1,14.1,-0.5,0.7,-0.4,147.0,-62.0,129.0,3.0,4.0,4.0,3.0,2.0,3.0,4.0,2.0,2.0,yaw_left
65.1,31.1,25.1,0.5,-0.6,-0.7,-85.0,70.0,-174.0,3.0,2.0,4.0,3.0,3.0,4.0,2.0,3.0,4.0,yaw_left
69.1,40.1,42.1,0.2,-0.7,-0.5,93.0,-36.0,132.0,4.0,4.0,3.0,2.0,2.0,3.0,4.0,3.0,2.0,yaw_left
31.1,21.1,10.1,0.2,0.2,0.9,-117.0,69.0,9.0,2.0,2.0,3.0,3.0,3.0,2.0,2.0,2.0,2.0,yaw_left
47.1,26.1,6.1,0.2,-0.6,0.8,163.0,-89.0,-90.0,3.0,4.0,3.0,2.0,4.0,2.0,4.0,2.0,3.0,yaw_left
66.1,4.1,4.1,-0.4,0.0,0.2,179.0,-41.0,-26.0,4.0,2.0,2.0,3.0,4.0,2.0,2.0,3.0,4.0,yaw_left
38.1,42.1,19.1,-0.7,-0.4,0.4,-94.0,-40.0,-74.0,3.0,4.0,4.0,3.0,2.0,4.0,3.0,3.0,3.0,yaw_left
12.1,25.1,11.1,-1.0,0.9,-0.4,-100.0,-54.0,121.0,2.0,4.0,4.0,4.0,4.0,4.0,2.0,2.0,2.0,yaw_left
27.1,43.1,28.1,-0.6,-0.6,-0.2,111.0,66.0,-43.0,2.0,2.0,4.0,4.0,2.0,3.0,3.0,4.0,2.0,yaw_left
30.1,33.1,8.1,0.9,0.6,-0.7,-147.0,23.0,131.0,3.0,3.0,4.0,2.0,2.0,2.0,2.0,2.0,3.0,yaw_left
26.1,2.1,47.1,-0.2,-0.6,-0.4,109.0,69.0,-169.0,2.0,4.0,2.0,4.0,4.0,2.0,3.0,2.0,4.0,yaw_left
37.1,40.1,25.1,-0.7,-0.7,0.6,-26.0,64.0,-158.0,2.0,2.0,4.0,2.0,2.0,2.0,3.0,4.0,3.0,yaw_left
85.1,40.1,23.1,-0.2,0.4,0.5,119.0,29.0,55.0,3.0,4.0,4.0,4.0,2.0,2.0,4.0,4.0,2.0,yaw_left
39.1,30.1,28.1,0.8,-0.7,-0.3,-40.0,85.0,168.0,2.0,4.0,2.0,4.0,3.0,2.0,3.0,3.0,3.0,yaw_left
61.1,26.1,26.1,-0.1,-0.1,-0.6,125.0,-60.0,-63.0,4.0,3.0,2.0,3.0,4.0,2.0,2.0,2.0,3.0,yaw_left
1.1,15.1,29.1,-0.4,0.3,-0.8,78.0,-58.0,-84.0,2.0,3.0,2.0,2.0,2.0,4.0,3.0,4.0,4.0,yaw_left
73.1,45.1,45.1,0.3,-0.9,-0.2,-30.0,85.0,-51.0,4.0,3.0,3.0,4.0,4.0,4.0,2.0,4.0,2.0,yaw_left
8.1,2.1,17.1,0.4,0.3,0.9,174.0,-10.0,26.0,3.0,4.0,2.0,4.0,3.0,3.0,3.0,3.0,3.0,yaw_left
64.1,31.1,29.1,0.4,0.9,0.4,122.0,73.0,118.0,2.0,2.0,4.0,2.0,3.0,3.0,2.0,4.0,2.0,yaw_left
71.1,31.1,41.1,0.2,-0.8,0.2,0.0,84.0,116.0,4.0,2.0,2.0,2.0,2.0,2.0,3.0,4.0,3.0,yaw_left
24.1,26.1,37.1,0.7,0.1,0.2,150.0,34.0,37.0,4.0,2.0,3.0,3.0,3.0,2.0,3.0,4.0,2.0,yaw_left
98.1,16.1,1.1,0.7,-1.0,-0.8,-160.0,-89.0,-45.0,2.0,3.0,2.0,2.0,4.0,4.0,2.0,2.0,3.0,yaw_left
8.1,0.1,45.1,0.6,0.7,0.1,-79.0,-86.0,123.0,3.0,4.0,2.0,4.0,3.0,3.0,4.0,2.0,4.0,yaw_left
40.1,10.1,35.1,-0.8,0.0,-0.7,-28.0,-80.0,147.0,2.0,4.0,3.0,3.0,3.0,2.0,3.0,3.0,4.0,yaw_left
56.1,8.1,16.1,-0.6,0.9,0.4,148.0,64.0,158.0,2.0,2.0,3.0,2.0,3.0,2.0,3.0,3.0,2.0,yaw_left
56.1,23.1,5.1,-0.6,0.7,-0.7,93.0,-47.0,-45.0,3.0,2.0,2.0,2.0,2.0,4.0,2.0,4.0,2.0,yaw_left
22.1,44.1,33.1,0.1,0.7,0.9,106.0,-74.0,-138.0,3.0,4.0,3.0,2.0,4.0,2.0,2.0,3.0,2.0,yaw_left
55.1,38.1,36.1,0.5,-1.0,-1.0,-150.0,45.0,-23.0,3.0,2.0,3.0,2.0,2.0,3.0,3.0,2.0,4.0,yaw_left
33.1,21.1,36.1,0.8,0.4,0.0,152.0,75.0,128.0,3.0,4.0,2.0,4.0,3.0,4.0,4.0,4.0,3.0,yaw_left
25.1,7.1,15.1,0.8,-0.6,-0.8,-149.0,-9.0,-53.0,4.0,3.0,4.0,4.0,3.0,3.0,3.0,4.0,4.0,yaw_left
71.1,24.1,47.1,0.1,0.6,-0.4,78.0,9.0,138.0,2.0,4.0,2.0,3.0,3.0,4.0,3.0,4.0,2.0,yaw_left
99.1,14.1,24.1,0.5,0.7,0.9,8.0,-87.0,131.0,4.0,4.0,2.0,4.0,2.0,2.0,3.0,2.0,2.0,yaw_left
54.1,18.1,11.1,0.3,-1.0,0.8,22.0,61.0,130.0,3.0,4.0,2.0,2.0,2.0,3.0,2.0,4.0,3.0,yaw_left
74.1,7.1,26.1,0.5,-0.4,0.5,-156.0,20.0,-96.0,2.0,3.0,3.0,2.0,3.0,4.0,3.0,4.0,4.0,yaw_left
59.1,13.1,45.1,-0.6,0.7,0.0,122.0,-64.0,-127.0,4.0,3.0,3.0,3.0,2.0,4.0,3.0,2.0,4.0,yaw_left
72.1,8.1,37.1,-0.8,-0.6,-0.4,-138.0,-77.0,124.0,2.0,3.0,4.0,2.0,2.0,4.0,4.0,4.0,2.0,yaw_left
87.1,43.1,0.1,0.3,-0.1,0.6,-27.0,-69.0,-43.0,4.0,2.0,4.0,2.0,4.0,3.0,3.0,3.0,2.0,yaw_left
80.1,48.1,4.1,-0.9,-0.1,-0.7,-42.0,-84.0,-143.0,2.0,4.0,3.0,2.0,4.0,4.0,2.0,3.0,2.0,yaw_left
8.1,17.1,48.1,0.5,0.9,-0.2,-159.0,21.0,61.0,3.0,3.0,4.0,3.0,2.0,3.0,2.0,3.0,4.0,yaw_left
51.1,0.1,19.1,0.7,0.0,-0.4,-9.0,-73.0,-180.0,2.0,4.0,2.0,2.0,2.0,4.0,4.0,2.0,2.0,yaw_left
88.1,3.1,33.1,-0.1,-0.1,0.3,-67.0,-36.0,24.0,3.0,3.0,2.0,4.0,4.0,4.0,4.0,4.0,2.0,yaw_left
91.1,47.1,4.1,-0.3,0.7,0.4,114.0,-14.0,-114.0,3.0,4.0,4.0,4.0,2.0,3.0,3.0,3.0,3.0,yaw_left
62.1,3.1,14.1,0.8,0.9,0.8,-13.0,10.0,111.0,3.0,3.0,3.0,4.0,4.0,3.0,3.0,3.0,4.0,yaw_left
64.1,32.1,41.1,0.2,0.8,-0.5,36.0,-48.0,-159.0,2.0,4.0,4.0,3.0,3.0,2.0,2.0,3.0,3.0,yaw_left
69.1,7.1,1.1,-0.8,0.2,-0.6,159.0,-72.0,98.0,2.0,2.0,2.0,2.0,2.0,4.0,3.0,3.0,2.0,yaw_left
10.1,5.1,39.1,0.7,-1.0,0.7,-17.0,-45.0,54.0,3.0,2.0,4.0,2.0,4.0,4.0,2.0,4.0,2.0,yaw_left
28.1,6.1,36.1,-0.4,-0.7,0.6,-139.0,46.0,142.0,3.0,3.0,3.0,3.0,3.0,2.0,3.0,2.0,3.0,yaw_left
69.1,40.1,12.1,0.9,-0.3,-0.7,25.0,-36.0,119.0,3.0,3.0,2.0,3.0,3.0,3.0,2.0,4.0,3.0,yaw_left
60.1,9.1,43.1,0.1,-0.9,0.7,-70.0,11.0,-37.0,2.0,4.0,3.0,4.0,2.0,2.0,4.0,3.0,3.0,yaw_left
67.1,9.1,14.1,-0.5,0.7,-0.4,147.0,-62.0,129.0,3.0,4.0,4.0,3.0,2.0,3.0,4.0,2.0,2.0,yaw_left
65.1,31.1,25.1,0.5,-0.6,-0.7,-85.0,70.0,-174.0,3.0,2.0,4.0,3.0,3.0,4.0,2.0,3.0,4.0,yaw_left
69.1,40.1,42.1,0.2,-0.7,-0.5,93.0,-36.0,132.0,4.0,4.0,3.0,2.0,2.0,3.0,4.0,3.0,2.0,yaw_left
31.1,21.1,10.1,0.2,0.2,0.9,-117.0,69.0,9.0,2.0,2.0,3.0,3.0,3.0,2.0,2.0,2.0,2.0,yaw_left
47.1,26.1,6.1,0.2,-0.6,0.8,163.0,-89.0,-90.0,3.0,4.0,3.0,2.0,4.0,2.0,4.0,2.0,3.0,yaw_left
66.1,4.1,4.1,-0.4,0.0,0.2,179.0,-41.0,-26.0,4.0,2.0,2.0,3.0,4.0,2.0,2.0,3.0,4.0,yaw_left
38.1,42.1,19.1,-0.7,-0.4,0.4,-94.0,-40.0,-74.0,3.0,4.0,4.0,3.0,2.0,4.0,3.0,3.0,3.0,yaw_left
12.1,25.1,11.1,-1.0,0.9,-0.4,-100.0,-54.0,121.0,2.0,4.0,4.0,4.0,4.0,4.0,2.0,2.0,2.0,yaw_left
27.1,43.1,28.1,-0.6,-0.6,-0.2,111.0,66.0,-43.0,2.0,2.0,4.0,4.0,2.0,3.0,3.0,4.0,2.0,yaw_left
30.1,33.1,8.1,0.9,0.6,-0.7,-147.0,23.0,131.0,3.0,3.0,4.0,2.0,2.0,2.0,2.0,2.0,3.0,yaw_left
26.1,2.1,47.1,-0.2,-0.6,-0.4,109.0,69.0,-169.0,2.0,4.0,2.0,4.0,4.0,2.0,3.0,2.0,4.0,yaw_left
37.1,40.1,25.1,-0.7,-0.7,0.6,-26.0,64.0,-158.0,2.0,2.0,4.0,2.0,2.0,2.0,3.0,4.0,3.0,yaw_left
85.1,40.1,23.1,-0.2,0.4,0.5,119.0,29.0,55.0,3.0,4.0,4.0,4.0,2.0,2.0,4.0,4.0,2.0,yaw_left
39.1,30.1,28.1,0.8,-0.7,-0.3,-40.0,85.0,168.0,2.0,4.0,2.0,4.0,3.0,2.0,3.0,3.0,3.0,yaw_left
61.1,26.1,26.1,-0.1,-0.1,-0.6,125.0,-60.0,-63.0,4.0,3.0,2.0,3.0,4.0,2.0,2.0,2.0,3.0,yaw_left
1.1,15.1,29.1,-0.4,0.3,-0.8,78.0,-58.0,-84.0,2.0,3.0,2.0,2.0,2.0,4.0,3.0,4.0,4.0,yaw_left
73.1,45.1,45.1,0.3,-0.9,-0.2,-30.0,85.0,-51.0,4.0,3.0,3.0,4.0,4.0,4.0,2.0,4.0,2.0,yaw_left
8.1,2.1,17.1,0.4,0.3,0.9,174.0,-10.0,26.0,3.0,4.0,2.0,4.0,3.0,3.0,3.0,3.0,3.0,yaw_left
64.1,31.1,29.1,0.4,0.9,0.4,122.0,73.0,118.0,2.0,2.0,4.0,2.0,3.0,3.0,2.0,4.0,2.0,yaw_left
71.1,31.1,41.1,0.2,-0.8,0.2,0.0,84.0,116.0,4.0,2.0,2.0,2.0,2.0,2.0,3.0,4.0,3.0,yaw_left
24.1,26.1,37.1,0.7,0.1,0.2,150.0,34.0,37.0,4.0,2.0,3.0,3.0,3.0,2.0,3.0,4.0,2.0,yaw_left
98.1,16.1,1.1,0.7,-1.0,-0.8,-160.0,-89.0,-45.0,2.0,3.0,2.0,2.0,4.0,4.0,2.0,2.0,3.0,yaw_left
8.1,0.1,45.1,0.6,0.7,0.1,-79.0,-86.0,123.0,3.0,4.0,2.0,4.0,3.0,3.0,4.0,2.0,4.0,yaw_left
40.1,10.1,35.1,-0.8,0.0,-0.7,-28.0,-80.0,147.0,2.0,4.0,3.0,3.0,3.0,2.0,3.0,3.0,4.0,yaw_left
56.1,8.1,16.1,-0.6,0.9,0.4,148.0,64.0,158.0,2.0,2.0,3.0,2.0,3.0,2.0,3.0,3.0,2.0,yaw_left
56.1,23.1,5.1,-0.6,0.7,-0.7,93.0,-47.0,-45.0,3.0,2.0,2.0,2.0,2.0,4.0,2.0,4.0,2.0,yaw_left
22.1,44.1,33.1,0.1,0.7,0.9,106.0,-74.0,-138.0,3.0,4.0,3.0,2.0,4.0,2.0,2.0,3.0,2.0,yaw_left
55.1,38.1,36.1,0.5,-1.0,-1.0,-150.0,45.0,-23.0,3.0,2.0,3.0,2.0,2.0,3.0,3.0,2.0,4.0,yaw_left
33.1,21.1,36.1,0.8,0.4,0.0,152.0,75.0,128.0,3.0,4.0,2.0,4.0,3.0,4.0,4.0,4.0,3.0,yaw_left
25.1,7.1,15.1,0.8,-0.6,-0.8,-149.0,-9.0,-53.0,4.0,3.0,4.0,4.0,3.0,3.0,3.0,4.0,4.0,yaw_left
71.1,24.1,47.1,0.1,0.6,-0.4,78.0,9.0,138.0,2.0,4.0,2.0,3.0,3.0,4.0,3.0,4.0,2.0,yaw_left
99.1,14.1,24.1,0.5,0.7,0.9,8.0,-87.0,131.0,4.0,4.0,2.0,4.0,2.0,2.0,3.0,2.0,2.0,yaw_left
54.1,18.1,11.1,0.3,-1.0,0.8,22.0,61.0,130.0,3.0,4.0,2.0,2.0,2.0,3.0,2.0,4.0,3.0,yaw_left
23.1,25.1,10.1,-0.5,-0.5,-0.5,73.0,-38.0,-71.0,4.0,2.0,4.0,4.0,3.0,2.0,4.0,3.0,2.0,yaw_left
59.1,13.1,45.1,-0.6,0.7,0.0,122.0,-64.0,-127.0,4.0,3.0,3.0,3.0,2.0,4.0,3.0,2.0,4.0,yaw_left
72.1,8.1,37.1,-0.8,-0.6,-0.4,-138.0,-77.0,124.0,2.0,3.0,4.0,2.0,2.0,4.0,4.0,4.0,2.0,yaw_left
87.1,43.1,0.1,0.3,-0.1,0.6,-27.0,-69.0,-43.0,4.0,2.0,4.0,2.0,4.0,3.0,3.0,3.0,2.0,yaw_left
80.1,48.1,4.1,-0.9,-0.1,-0.7,-42.0,-84.0,-143.0,2.0,4.0,3.0,2.0,4.0,4.0,2.0,3.0,2.0,yaw_left
8.1,17.1,48.1,0.5,0.9,-0.2,-159.0,21.0,61.0,3.0,3.0,4.0,3.0,2.0,3.0,2.0,3.0,4.0,yaw_left
51.1,0.1,19.1,0.7,0.0,-0.4,-9.0,-73.0,-180.0,2.0,4.0,2.0,2.0,2.0,4.0,4.0,2.0,2.0,yaw_left
88.1,3.1,33.1,-0.1,-0.1,0.3,-67.0,-36.0,24.0,3.0,3.0,2.0,4.0,4.0,4.0,4.0,4.0,2.0,yaw_left
91.1,47.1,4.1,-0.3,0.7,0.4,114.0,-14.0,-114.0,3.0,4.0,4.0,4.0,2.0,3.0,3.0,3.0,3.0,yaw_left
62.1,3.1,14.1,0.8,0.9,0.8,-13.0,10.0,111.0,3.0,3.0,3.0,4.0,4.0,3.0,3.0,3.0,4.0,yaw_left
64.1,32.1,41.1,0.2,0.8,-0.5,36.0,-48.0,-159.0,2.0,4.0,4.0,3.0,3.0,2.0,2.0,3.0,3.0,yaw_left
69.1,7.1,1.1,-0.8,0.2,-0.6,159.0,-72.0,98.0,2.0,2.0,2.0,2.0,2.0,4.0,3.0,3.0,2.0,yaw_left
10.1,5.1,39.1,0.7,-1.0,0.7,-17.0,-45.0,54.0,3.0,2.0,4.0,2.0,4.0,4.0,2.0,4.0,2.0,yaw_left
28.1,6.1,36.1,-0.4,-0.7,0.6,-139.0,46.0,142.0,3.0,3.0,3.0,3.0,3.0,2.0,3.0,2.0,3.0,yaw_left
69.1,40.1,12.1,0.9,-0.3,-0.7,25.0,-36.0,119.0,3.0,3.0,2.0,3.0,3.0,3.0,2.0,4.0,3.0,yaw_left
60.1,9.1,43.1,0.1,-0.9,0.7,-70.0,11.0,-37.0,2.0,4.0,3.0,4.0,2.0,2.0,4.0,3.0,3.0,yaw_left
67.1,9.1,14.1,-0.5,0.7,-0.4,147.0,-62.0,129.0,3.0,4.0,4.0,3.0,2.0,3.0,4.0,2.0,2.0,yaw_left
65.1,31.1,25.1,0.5,-0.6,-0.7,-85.0,70.0,-174.0,3.0,2.0,4.0,3.0,3.0,4.0,2.0,3.0,4.0,yaw_left
69.1,40.1,42.1,0.2,-0.7,-0.5,93.0,-36.0,132.0,4.0,4.0,3.0,2.0,2.0,3.0,4.0,3.0,2.0,yaw_left
31.1,21.1,10.1,0.2,0.2,0.9,-117.0,69.0,9.0,2.0,2.0,3.0,3.0,3.0,2.0,2.0,2.0,2.0,yaw_left
47.1,26.1,6.1,0.2,-0.6,0.8,163.0,-89.0,-90.0,3.0,4.0,3.0,2.0,4.0,2.0,4.0,2.0,3.0,yaw_left
66.1,4.1,4.1,-0.4,0.0,0.2,179.0,-41.0,-26.0,4.0,2.0,2.0,3.0,4.0,2.0,2.0,3.0,4.0,yaw_left
38.1,42.1,19.1,-0.7,-0.4,0.4,-94.0,-40.0,-74.0,3.0,4.0,4.0,3.0,2.0,4.0,3.0,3.0,3.0,yaw_left
12.1,25.1,11.1,-1.0,0.9,-0.4,-100.0,-54.0,121.0,2.0,4.0,4.0,4.0,4.0,4.0,2.0,2.0,2.0,yaw_left
27.1,43.1,28.1,-0.6,-0.6,-0.2,111.0,66.0,-43.0,2.0,2.0,4.0,4.0,2.0,3.0,3.0,4.0,2.0,yaw_left
30.1,33.1,8.1,0.9,0.6,-0.7,-147.0,23.0,131.0,3.0,3.0,4.0,2.0,2.0,2.0,2.0,2.0,3.0,yaw_left
26.1,2.1,47.1,-0.2,-0.6,-0.4,109.0,69.0,-169.0,2.0,4.0,2.0,4.0,4.0,2.0,3.0,2.0,4.0,yaw_left
37.1,40.1,25.1,-0.7,-0.7,0.6,-26.0,64.0,-158.0,2.0,2.0,4.0,2.0,2.0,2.0,3.0,4.0,3.0,yaw_left
85.1,40.1,23.1,-0.2,0.4,0.5,119.0,29.0,55.0,3.0,4.0,4.0,4.0,2.0,2.0,4.0,4.0,2.0,yaw_left
39.1,30.1,28.1,0.8,-0.7,-0.3,-40.0,85.0,168.0,2.0,4.0,2.0,4.0,3.0,2.0,3.0,3.0,3.0,yaw_left
61.1,26.1,26.1,-0.1,-0.1,-0.6,125.0,-60.0,-63.0,4.0,3.0,2.0,3.0,4.0,2.0,2.0,2.0,3.0,yaw_left
1.1,15.1,29.1,-0.4,0.3,-0.8,78.0,-58.0,-84.0,2.0,3.0,2.0,2.0,2.0,4.0,3.0,4.0,4.0,yaw_left
73.1,45.1,45.1,0.3,-0.9,-0.2,-30.0,85.0,-51.0,4.0,3.0,3.0,4.0,4.0,4.0,2.0,4.0,2.0,yaw_left
8.1,2.1,17.1,0.4,0.3,0.9,174.0,-10.0,26.0,3.0,4.0,2.0,4.0,3.0,3.0,3.0,3.0,3.0,yaw_left
64.1,31.1,29.1,0.4,0.9,0.4,122.0,73.0,118.0,2.0,2.0,4.0,2.0,3.0,3.0,2.0,4.0,2.0,yaw_left
71.1,31.1,41.1,0.2,-0.8,0.2,0.0,84.0,116.0,4.0,2.0,2.0,2.0,2.0,2.0,3.0,4.0,3.0,yaw_left
24.1,26.1,37.1,0.7,0.1,0.2,150.0,34.0,37.0,4.0,2.0,3.0,3.0,3.0,2.0,3.0,4.0,2.0,yaw_left
98.1,16.1,1.1,0.7,-1.0,-0.8,-160.0,-89.0,-45.0,2.0,3.0,2.0,2.0,4.0,4.0,2.0,2.0,3.0,yaw_left
8.1,0.1,45.1,0.6,0.7,0.1,-79.0,-86.0,123.0,3.0,4.0,2.0,4.0,3.0,3.0,4.0,2.0,4.0,yaw_left
40.1,10.1,35.1,-0.8,0.0,-0.7,-28.0,-80.0,147.0,2.0,4.0,3.0,3.0,3.0,2.0,3.0,3.0,4.0,yaw_left
56.1,8.1,16.1,-0.6,0.9,0.4,148.0,64.0,158.0,2.0,2.0,3.0,2.0,3.0,2.0,3.0,3.0,2.0,yaw_left
56.1,23.1,5.1,-0.6,0.7,-0.7,93.0,-47.0,-45.0,3.0,2.0,2.0,2.0,2.0,4.0,2.0,4.0,2.0,yaw_left
22.1,44.1,33.1,0.1,0.7,0.9,106.0,-74.0,-138.0,3.0,4.0,3.0,2.0,4.0,2.0,2.0,3.0,2.0,yaw_left
55.1,38.1,36.1,0.5,-1.0,-1.0,-150.0,45.0,-23.0,3.0,2.0,3.0,2.0,2.0,3.0,3.0,2.0,4.0,yaw_left
33.1,21.1,36.1,0.8,0.4,0.0,152.0,75.0,128.0,3.0,4.0,2.0,4.0,3.0,4.0,4.0,4.0,3.0,yaw_left
25.1,7.1,15.1,0.8,-0.6,-0.8,-149.0,-9.0,-53.0,4.0,3.0,4.0,4.0,3.0,3.0,3.0,4.0,4.0,yaw_left
71.1,24.1,47.1,0.1,0.6,-0.4,78.0,9.0,138.0,2.0,4.0,2.0,3.0,3.0,4.0,3.0,4.0,2.0,yaw_left
99.1,14.1,24.1,0.5,0.7,0.9,8.0,-87.0,131.0,4.0,4.0,2.0,4.0,2.0,2.0,3.0,2.0,2.0,yaw_left
54.1,18.1,11.1,0.3,-1.0,0.8,22.0,61.0,130.0,3.0,4.0,2.0,2.0,2.0,3.0,2.0,4.0,3.0,yaw_left
23.1,25.1,10.1,-0.5,-0.5,-0.5,73.0,-38.0,-71.0,4.0,2.0,4.0,4.0,3.0,2.0,4.0,3.0,2.0,yaw_left
16.1,6.1,22.1,0.1,-0.8,-0.9,-131.0,10.0,-87.0,4.0,2.0,3.0,4.0,3.0,4.0,3.0,3.0,4.0,yaw_left
72.1,8.1,37.1,-0.8,-0.6,-0.4,-138.0,-77.0,124.0,2.0,3.0,4.0,2.0,2.0,4.0,4.0,4.0,2.0,yaw_left
87.1,43.1,0.1,0.3,-0.1,0.6,-27.0,-69.0,-43.0,4.0,2.0,4.0,2.0,4.0,3.0,3.0,3.0,2.0,yaw_left
80.1,48.1,4.1,-0.9,-0.1,-0.7,-42.0,-84.0,-143.0,2.0,4.0,3.0,2.0,4.0,4.0,2.0,3.0,2.0,yaw_left
8.1,17.1,48.1,0.5,0.9,-0.2,-159.0,21.0,61.0,3.0,3.0,4.0,3.0,2.0,3.0,2.0,3.0,4.0,yaw_left
51.1,0.1,19.1,0.7,0.0,-0.4,-9.0,-73.0,-180.0,2.0,4.0,2.0,2.0,2.0,4.0,4.0,2.0,2.0,yaw_left
88.1,3.1,33.1,-0.1,-0.1,0.3,-67.0,-36.0,24.0,3.0,3.0,2.0,4.0,4.0,4.0,4.0,4.0,2.0,yaw_left
91.1,47.1,4.1,-0.3,0.7,0.4,114.0,-14.0,-114.0,3.0,4.0,4.0,4.0,2.0,3.0,3.0,3.0,3.0,yaw_left
62.1,3.1,14.1,0.8,0.9,0.8,-13.0,10.0,111.0,3.0,3.0,3.0,4.0,4.0,3.0,3.0,3.0,4.0,yaw_left
64.1,32.1,41.1,0.2,0.8,-0.5,36.0,-48.0,-159.0,2.0,4.0,4.0,3.0,3.0,2.0,2.0,3.0,3.0,yaw_left
69.1,7.1,1.1,-0.8,0.2,-0.6,159.0,-72.0,98.0,2.0,2.0,2.0,2.0,2.0,4.0,3.0,3.0,2.0,yaw_left
10.1,5.1,39.1,0.7,-1.0,0.7,-17.0,-45.0,54.0,3.0,2.0,4.0,2.0,4.0,4.0,2.0,4.0,2.0,yaw_left
28.1,6.1,36.1,-0.4,-0.7,0.6,-139.0,46.0,142.0,3.0,3.0,3.0,3.0,3.0,2.0,3.0,2.0,3.0,yaw_left
69.1,40.1,12.1,0.9,-0.3,-0.7,25.0,-36.0,119.0,3.0,3.0,2.0,3.0,3.0,3.0,2.0,4.0,3.0,yaw_left
60.1,9.1,43.1,0.1,-0.9,0.7,-70.0,11.0,-37.0,2.0,4.0,3.0,4.0,2.0,2.0,4.0,3.0,3.0,yaw_left
67.1,9.1,14.1,-0.5,0.7,-0.4,147.0,-62.0,129.0,3.0,4.0,4.0,3.0,2.0,3.0,4.0,2.0,2.0,yaw_left
65.1,31.1,25.1,0.5,-0.6,-0.7,-85.0,70.0,-174.0,3.0,2.0,4.0,3.0,3.0,4.0,2.0,3.0,4.0,yaw_left
69.1,40.1,42.1,0.2,-0.7,-0.5,93.0,-36.0,132.0,4.0,4.0,3.0,2.0,2.0,3.0,4.0,3.0,2.0,yaw_left
31.1,21.1,10.1,0.2,0.2,0.9,-117.0,69.0,9.0,2.0,2.0,3.0,3.0,3.0,2.0,2.0,2.0,2.0,yaw_left
47.1,26.1,6.1,0.2,-0.6,0.8,163.0,-89.0,-90.0,3.0,4.0,3.0,2.0,4.0,2.0,4.0,2.0,3.0,yaw_left
66.1,4.1,4.1,-0.4,0.0,0.2,179.0,-41.0,-26.0,4.0,2.0,2.0,3.0,4.0,2.0,2.0,3.0,4.0,yaw_left
38.1,42.1,19.1,-0.7,-0.4,0.4,-94.0,-40.0,-74.0,3.0,4.0,4.0,3.0,2.0,4.0,3.0,3.0,3.0,yaw_left
12.1,25.1,11.1,-1.0,0.9,-0.4,-100.0,-54.0,121.0,2.0,4.0,4.0,4.0,4.0,4.0,2.0,2.0,2.0,yaw_left
27.1,43.1,28.1,-0.6,-0.6,-0.2,111.0,66.0,-43.0,2.0,2.0,4.0,4.0,2.0,3.0,3.0,4.0,2.0,yaw_left
30.1,33.1,8.1,0.9,0.6,-0.7,-147.0,23.0,131.0,3.0,3.0,4.0,2.0,2.0,2.0,2.0,2.0,3.0,yaw_left
26.1,2.1,47.1,-0.2,-0.6,-0.4,109.0,69.0,-169.0,2.0,4.0,2.0,4.0,4.0,2.0,3.0,2.0,4.0,yaw_left
37.1,40.1,25.1,-0.7,-0.7,0.6,-26.0,64.0,-158.0,2.0,2.0,4.0,2.0,2.0,2.0,3.0,4.0,3.0,yaw_left
85.1,40.1,23.1,-0.2,0.4,0.5,119.0,29.0,55.0,3.0,4.0,4.0,4.0,2.0,2.0,4.0,4.0,2.0,yaw_left
39.1,30.1,28.1,0.8,-0.7,-0.3,-40.0,85.0,168.0,2.0,4.0,2.0,4.0,3.0,2.0,3.0,3.0,3.0,yaw_left
61.1,26.1,26.1,-0.1,-0.1,-0.6,125.0,-60.0,-63.0,4.0,3.0,2.0,3.0,4.0,2.0,2.0,2.0,3.0,yaw_left
1.1,15.1,29.1,-0.4,0.3,-0.8,78.0,-58.0,-84.0,2.0,3.0,2.0,2.0,2.0,4.0,3.0,4.0,4.0,yaw_left
73.1,45.1,45.1,0.3,-0.9,-0.2,-30.0,85.0,-51.0,4.0,3.0,3.0,4.0,4.0,4.0,2.0,4.0,2.0,yaw_left
8.1,2.1,17.1,0.4,0.3,0.9,174.0,-10.0,26.0,3.0,4.0,2.0,4.0,3.0,3.0,3.0,3.0,3.0,yaw_left
64.1,31.1,29.1,0.4,0.9,0.4,122.0,73.0,118.0,2.0,2.0,4.0,2.0,3.0,3.0,2.0,4.0,2.0,yaw_left
71.1,31.1,41.1,0.2,-0.8,0.2,0.0,84.0,116.0,4.0,2.0,2.0,2.0,2.0,2.0,3.0,4.0,3.0,yaw_left
24.1,26.1,37.1,0.7,0.1,0.2,150.0,34.0,37.0,4.0,2.0,3.0,3.0,3.0,2.0,3.0,4.0,2.0,yaw_left
98.1,16.1,1.1,0.7,-1.0,-0.8,-160.0,-89.0,-45.0,2.0,3.0,2.0,2.0,4.0,4.0,2.0,2.0,3.0,yaw_left
8.1,0.1,45.1,0.6,0.7,0.1,-79.0,-86.0,123.0,3.0,4.0,2.0,4.0,3.0,3.0,4.0,2.0,4.0,yaw_left
40.1,10.1,35.1,-0.8,0.0,-0.7,-28.0,-80.0,147.0,2.0,4.0,3.0,3.0,3.0,2.0,3.0,3.0,4.0,yaw_left
56.1,8.1,16.1,-0.6,0.9,0.4,148.0,64.0,158.0,2.0,2.0,3.0,2.0,3.0,2.0,3.0,3.0,2.0,yaw_left
56.1,23.1,5.1,-0.6,0.7,-0.7,93.0,-47.0,-45.0,3.0,2.0,2.0,2.0,2.0,4.0,2.0,4.0,2.0,yaw_left
22.1,44.1,33.1,0.1,0.7,0.9,106.0,-74.0,-138.0,3.0,4.0,3.0,2.0,4.0,2.0,2.0,3.0,2.0,yaw_left
55.1,38.1,36.1,0.5,-1.0,-1.0,-150.0,45.0,-23.0,3.0,2.0,3.0,2.0,2.0,3.0,3.0,2.0,4.0,yaw_left
33.1,21.1,36.1,0.8,0.4,0.0,152.0,75.0,128.0,3.0,4.0,2.0,4.0,3.0,4.0,4.0,4.0,3.0,yaw_left
25.1,7.1,15.1,0.8,-0.6,-0.8,-149.0,-9.0,-53.0,4.0,3.0,4.0,4.0,3.0,3.0,3.0,4.0,4.0,yaw_left
71.1,24.1,47.1,0.1,0.6,-0.4,78.0,9.0,138.0,2.0,4.0,2.0,3.0,3.0,4.0,3.0,4.0,2.0,yaw_left
99.1,14.1,24.1,0.5,0.7,0.9,8.0,-87.0,131.0,4.0,4.0,2.0,4.0,2.0,2.0,3.0,2.0,2.0,yaw_left
54.1,18.1,11.1,0.3,-1.0,0.8,22.0,61.0,130.0,3.0,4.0,2.0,2.0,2.0,3.0,2.0,4.0,3.0,yaw_left
23.1,25.1,10.1,-0.5,-0.5,-0.5,73.0,-38.0,-71.0,4.0,2.0,4.0,4.0,3.0,2.0,4.0,3.0,2.0,yaw_left
16.1,6.1,22.1,0.1,-0.8,-0.9,-131.0,10.0,-87.0,4.0,2.0,3.0,4.0,3.0,4.0,3.0,3.0,4.0,yaw_left
51.1,8.1,20.1,-0.1,-1.0,0.6,-100.0,-22.0,-61.0,2.0,2.0,2.0,4.0,2.0,2.0,3.0,2.0,2.0,yaw_left
87.1,43.1,0.1,0.3,-0.1,0.6,-27.0,-69.0,-43.0,4.0,2.0,4.0,2.0,4.0,3.0,3.0,3.0,2.0,yaw_left
80.1,48.1,4.1,-0.9,-0.1,-0.7,-42.0,-84.0,-143.0,2.0,4.0,3.0,2.0,4.0,4.0,2.0,3.0,2.0,yaw_left
8.1,17.1,48.1,0.5,0.9,-0.2,-159.0,21.0,61.0,3.0,3.0,4.0,3.0,2.0,3.0,2.0,3.0,4.0,yaw_left
51.1,0.1,19.1,0.7,0.0,-0.4,-9.0,-73.0,-180.0,2.0,4.0,2.0,2.0,2.0,4.0,4.0,2.0,2.0,yaw_left
88.1,3.1,33.1,-0.1,-0.1,0.3,-67.0,-36.0,24.0,3.0,3.0,2.0,4.0,4.0,4.0,4.0,4.0,2.0,yaw_left
91.1,47.1,4.1,-0.3,0.7,0.4,114.0,-14.0,-114.0,3.0,4.0,4.0,4.0,2.0,3.0,3.0,3.0,3.0,yaw_left
62.1,3.1,14.1,0.8,0.9,0.8,-13.0,10.0,111.0,3.0,3.0,3.0,4.0,4.0,3.0,3.0,3.0,4.0,yaw_left
64.1,32.1,41.1,0.2,0.8,-0.5,36.0,-48.0,-159.0,2.0,4.0,4.0,3.0,3.0,2.0,2.0,3.0,3.0,yaw_left
69.1,7.1,1.1,-0.8,0.2,-0.6,159.0,-72.0,98.0,2.0,2.0,2.0,2.0,2.0,4.0,3.0,3.0,2.0,yaw_left
10.1,5.1,39.1,0.7,-1.0,0.7,-17.0,-45.0,54.0,3.0,2.0,4.0,2.0,4.0,4.0,2.0,4.0,2.0,yaw_left
28.1,6.1,36.1,-0.4,-0.7,0.6,-139.0,46.0,142.0,3.0,3.0,3.0,3.0,3.0,2.0,3.0,2.0,3.0,yaw_left
69.1,40.1,12.1,0.9,-0.3,-0.7,25.0,-36.0,119.0,3.0,3.0,2.0,3.0,3.0,3.0,2.0,4.0,3.0,yaw_left
60.1,9.1,43.1,0.1,-0.9,0.7,-70.0,11.0,-37.0,2.0,4.0,3.0,4.0,2.0,2.0,4.0,3.0,3.0,yaw_left
67.1,9.1,14.1,-0.5,0.7,-0.4,147.0,-62.0,129.0,3.0,4.0,4.0,3.0,2.0,3.0,4.0,2.0,2.0,yaw_left
65.1,31.1,25.1,0.5,-0.6,-0.7,-85.0,70.0,-174.0,3.0,2.0,4.0,3.0,3.0,4.0,2.0,3.0,4.0,yaw_left
69.1,40.1,42.1,0.2,-0.7,-0.5,93.0,-36.0,132.0,4.0,4.0,3.0,2.0,2.0,3.0,4.0,3.0,2.0,yaw_left
31.1,21.1,10.1,0.2,0.2,0.9,-117.0,69.0,9.0,2.0,2.0,3.0,3.0,3.0,2.0,2.0,2.0,2.0,yaw_left
47.1,26.1,6.1,0.2,-0.6,0.8,163.0,-89.0,-90.0,3.0,4.0,3.0,2.0,4.0,2.0,4.0,2.0,3.0,yaw_left
66.1,4.1,4.1,-0.4,0.0,0.2,179.0,-41.0,-26.0,4.0,2.0,2.0,3.0,4.0,2.0,2.0,3.0,4.0,yaw_left
38.1,42.1,19.1,-0.7,-0.4,0.4,-94.0,-40.0,-74.0,3.0,4.0,4.0,3.0,2.0,4.0,3.0,3.0,3.0,yaw_left
12.1,25.1,11.1,-1.0,0.9,-0.4,-100.0,-54.0,121.0,2.0,4.0,4.0,4.0,4.0,4.0,2.0,2.0,2.0,yaw_left
27.1,43.1,28.1,-0.6,-0.6,-0.2,111.0,66.0,-43.0,2.0,2.0,4.0,4.0,2.0,3.0,3.0,4.0,2.0,yaw_left
30.1,33.1,8.1,0.9,0.6,-0.7,-147.0,23.0,131.0,3.0,3.0,4.0,2.0,2.0,2.0,2.0,2.0,3.0,yaw_left
26.1,2.1,47.1,-0.2,-0.6,-0.4,109.0,69.0,-169.0,2.0,4.0,2.0,4.0,4.0,2.0,3.0,2.0,4.0,yaw_left
37.1,40.1,25.1,-0.7,-0.7,0.6,-26.0,64.0,-158.0,2.0,2.0,4.0,2.0,2.0,2.0,3.0,4.0,3.0,yaw_left
85.1,40.1,23.1,-0.2,0.4,0.5,119.0,29.0,55.0,3.0,4.0,4.0,4.0,2.0,2.0,4.0,4.0,2.0,yaw_left
39.1,30.1,28.1,0.8,-0.7,-0.3,-40.0,85.0,168.0,2.0,4.0,2.0,4.0,3.0,2.0,3.0,3.0,3.0,yaw_left
61.1,26.1,26.1,-0.1,-0.1,-0.6,125.0,-60.0,-63.0,4.0,3.0,2.0,3.0,4.0,2.0,2.0,2.0,3.0,yaw_left
1.1,15.1,29.1,-0.4,0.3,-0.8,78.0,-58.0,-84.0,2.0,3.0,2.0,2.0,2.0,4.0,3.0,4.0,4.0,yaw_left
73.1,45.1,45.1,0.3,-0.9,-0.2,-30.0,85.0,-51.0,4.0,3.0,3.0,4.0,4.0,4.0,2.0,4.0,2.0,yaw_left
8.1,2.1,17.1,0.4,0.3,0.9,174.0,-10.0,26.0,3.0,4.0,2.0,4.0,3.0,3.0,3.0,3.0,3.0,yaw_left
64.1,31.1,29.1,0.4,0.9,0.4,122.0,73.0,118.0,2.0,2.0,4.0,2.0,3.0,3.0,2.0,4.0,2.0,yaw_left
71.1,31.1,41.1,0.2,-0.8,0.2,0.0,84.0,116.0,4.0,2.0,2.0,2.0,2.0,2.0,3.0,4.0,3.0,yaw_left
24.1,26.1,37.1,0.7,0.1,0.2,150.0,34.0,37.0,4.0,2.0,3.0,3.0,3.0,2.0,3.0,4.0,2.0,yaw_left
98.1,16.1,1.1,0.7,-1.0,-0.8,-160.0,-89.0,-45.0,2.0,3.0,2.0,2.0,4.0,4.0,2.0,2.0,3.0,yaw_left
8.1,0.1,45.1,0.6,0.7,0.1,-79.0,-86.0,123.0,3.0,4.0,2.0,4.0,3.0,3.0,4.0,2.0,4.0,yaw_left
40.1,10.1,35.1,-0.8,0.0,-0.7,-28.0,-80.0,147.0,2.0,4.0,3.0,3.0,3.0,2.0,3.0,3.0,4.0,yaw_left
56.1,8.1,16.1,-0.6,0.9,0.4,148.0,64.0,158.0,2.0,2.0,3.0,2.0,3.0,2.0,3.0,3.0,2.0,yaw_left
56.1,23.1,5.1,-0.6,0.7,-0.7,93.0,-47.0,-45.0,3.0,2.0,2.0,2.0,2.0,4.0,2.0,4.0,2.0,yaw_left
22.1,44.1,33.1,0.1,0.7,0.9,106.0,-74.0,-138.0,3.0,4.0,3.0,2.0,4.0,2.0,2.0,3.0,2.0,yaw_left
55.1,38.1,36.1,0.5,-1.0,-1.0,-150.0,45.0,-23.0,3.0,2.0,3.0,2.0,2.0,3.0,3.0,2.0,4.0,yaw_left
33.1,21.1,36.1,0.8,0.4,0.0,152.0,75.0,128.0,3.0,4.0,2.0,4.0,3.0,4.0,4.0,4.0,3.0,yaw_left
25.1,7.1,15.1,0.8,-0.6,-0.8,-149.0,-9.0,-53.0,4.0,3.0,4.0,4.0,3.0,3.0,3.0,4.0,4.0,yaw_left
71.1,24.1,47.1,0.1,0.6,-0.4,78.0,9.0,138.0,2.0,4.0,2.0,3.0,3.0,4.0,3.0,4.0,2.0,yaw_left
99.1,14.1,24.1,0.5,0.7,0.9,8.0,-87.0,131.0,4.0,4.0,2.0,4.0,2.0,2.0,3.0,2.0,2.0,yaw_left
54.1,18.1,11.1,0.3,-1.0,0.8,22.0,61.0,130.0,3.0,4.0,2.0,2.0,2.0,3.0,2.0,4.0,3.0,yaw_left
23.1,25.1,10.1,-0.5,-0.5,-0.5,73.0,-38.0,-71.0,4.0,2.0,4.0,4.0,3.0,2.0,4.0,3.0,2.0,yaw_left
16.1,6.1,22.1,0.1,-0.8,-0.9,-131.0,10.0,-87.0,4.0,2.0,3.0,4.0,3.0,4.0,3.0,3.0,4.0,yaw_left
51.1,8.1,20.1,-0.1,-1.0,0.6,-100.0,-22.0,-61.0,2.0,2.0,2.0,4.0,2.0,2.0,3.0,2.0,2.0,yaw_left
40.1,48.1,47.1,0.3,-0.4,-0.3,65.0,-42.0,-142.0,4.0,3.0,3.0,2.0,3.0,2.0,4.0,4.0,2.0,yaw_left
80.1,48.1,4.1,-0.9,-0.1,-0.7,-42.0,-84.0,-143.0,2.0,4.0,3.0,2.0,4.0,4.0,2.0,3.0,2.0,yaw_left
8.1,17.1,48.1,0.5,0.9,-0.2,-159.0,21.0,61.0,3.0,3.0,4.0,3.0,2.0,3.0,2.0,3.0,4.0,yaw_left
51.1,0.1,19.1,0.7,0.0,-0.4,-9.0,-73.0,-180.0,2.0,4.0,2.0,2.0,2.0,4.0,4.0,2.0,2.0,yaw_left
88.1,3.1,33.1,-0.1,-0.1,0.3,-67.0,-36.0,24.0,3.0,3.0,2.0,4.0,4.0,4.0,4.0,4.0,2.0,yaw_left
91.1,47.1,4.1,-0.3,0.7,0.4,114.0,-14.0,-114.0,3.0,4.0,4.0,4.0,2.0,3.0,3.0,3.0,3.0,yaw_left
62.1,3.1,14.1,0.8,0.9,0.8,-13.0,10.0,111.0,3.0,3.0,3.0,4.0,4.0,3.0,3.0,3.0,4.0,yaw_left
64.1,32.1,41.1,0.2,0.8,-0.5,36.0,-48.0,-159.0,2.0,4.0,4.0,3.0,3.0,2.0,2.0,3.0,3.0,yaw_left
69.1,7.1,1.1,-0.8,0.2,-0.6,159.0,-72.0,98.0,2.0,2.0,2.0,2.0,2.0,4.0,3.0,3.0,2.0,yaw_left
10.1,5.1,39.1,0.7,-1.0,0.7,-17.0,-45.0,54.0,3.0,2.0,4.0,2.0,4.0,4.0,2.0,4.0,2.0,yaw_left
28.1,6.1,36.1,-0.4,-0.7,0.6,-139.0,46.0,142.0,3.0,3.0,3.0,3.0,3.0,2.0,3.0,2.0,3.0,yaw_left
69.1,40.1,12.1,0.9,-0.3,-0.7,25.0,-36.0,119.0,3.0,3.0,2.0,3.0,3.0,3.0,2.0,4.0,3.0,yaw_left
60.1,9.1,43.1,0.1,-0.9,0.7,-70.0,11.0,-37.0,2.0,4.0,3.0,4.0,2.0,2.0,4.0,3.0,3.0,yaw_left
67.1,9.1,14.1,-0.5,0.7,-0.4,147.0,-62.0,129.0,3.0,4.0,4.0,3.0,2.0,3.0,4.0,2.0,2.0,yaw_left
65.1,31.1,25.1,0.5,-0.6,-0.7,-85.0,70.0,-174.0,3.0,2.0,4.0,3.0,3.0,4.0,2.0,3.0,4.0,yaw_left
69.1,40.1,42.1,0.2,-0.7,-0.5,93.0,-36.0,132.0,4.0,4.0,3.0,2.0,2.0,3.0,4.0,3.0,2.0,yaw_left
31.1,21.1,10.1,0.2,0.2,0.9,-117.0,69.0,9.0,2.0,2.0,3.0,3.0,3.0,2.0,2.0,2.0,2.0,yaw_left
47.1,26.1,6.1,0.2,-0.6,0.8,163.0,-89.0,-90.0,3.0,4.0,3.0,2.0,4.0,2.0,4.0,2.0,3.0,yaw_left
66.1,4.1,4.1,-0.4,0.0,0.2,179.0,-41.0,-26.0,4.0,2.0,2.0,3.0,4.0,2.0,2.0,3.0,4.0,yaw_left
38.1,42.1,19.1,-0.7,-0.4,0.4,-94.0,-40.0,-74.0,3.0,4.0,4.0,3.0,2.0,4.0,3.0,3.0,3.0,yaw_left
12.1,25.1,11.1,-1.0,0.9,-0.4,-100.0,-54.0,121.0,2.0,4.0,4.0,4.0,4.0,4.0,2.0,2.0,2.0,yaw_left
27.1,43.1,28.1,-0.6,-0.6,-0.2,111.0,66.0,-43.0,2.0,2.0,4.0,4.0,2.0,3.0,3.0,4.0,2.0,yaw_left
30.1,33.1,8.1,0.9,0.6,-0.7,-147.0,23.0,131.0,3.0,3.0,4.0,2.0,2.0,2.0,2.0,2.0,3.0,yaw_left
26.1,2.1,47.1,-0.2,-0.6,-0.4,109.0,69.0,-169.0,2.0,4.0,2.0,4.0,4.0,2.0,3.0,2.0,4.0,yaw_left
37.1,40.1,25.1,-0.7,-0.7,0.6,-26.0,64.0,-158.0,2.0,2.0,4.0,2.0,2.0,2.0,3.0,4.0,3.0,yaw_left
85.1,40.1,23.1,-0.2,0.4,0.5,119.0,29.0,55.0,3.0,4.0,4.0,4.0,2.0,2.0,4.0,4.0,2.0,yaw_left
39.1,30.1,28.1,0.8,-0.7,-0.3,-40.0,85.0,168.0,2.0,4.0,2.0,4.0,3.0,2.0,3.0,3.0,3.0,yaw_left
61.1,26.1,26.1,-0.1,-0.1,-0.6,125.0,-60.0,-63.0,4.0,3.0,2.0,3.0,4.0,2.0,2.0,2.0,3.0,yaw_left
1.1,15.1,29.1,-0.4,0.3,-0.8,78.0,-58.0,-84.0,2.0,3.0,2.0,2.0,2.0,4.0,3.0,4.0,4.0,yaw_left
73.1,45.1,45.1,0.3,-0.9,-0.2,-30.0,85.0,-51.0,4.0,3.0,3.0,4.0,4.0,4.0,2.0,4.0,2.0,yaw_left
8.1,2.1,17.1,0.4,0.3,0.9,174.0,-10.0,26.0,3.0,4.0,2.0,4.0,3.0,3.0,3.0,3.0,3.0,yaw_left
64.1,31.1,29.1,0.4,0.9,0.4,122.0,73.0,118.0,2.0,2.0,4.0,2.0,3.0,3.0,2.0,4.0,2.0,yaw_left
71.1,31.1,41.1,0.2,-0.8,0.2,0.0,84.0,116.0,4.0,2.0,2.0,2.0,2.0,2.0,3.0,4.0,3.0,yaw_left
24.1,26.1,37.1,0.7,0.1,0.2,150.0,34.0,37.0,4.0,2.0,3.0,3.0,3.0,2.0,3.0,4.0,2.0,yaw_left
98.1,16.1,1.1,0.7,-1.0,-0.8,-160.0,-89.0,-45.0,2.0,3.0,2.0,2.0,4.0,4.0,2.0,2.0,3.0,yaw_left
8.1,0.1,45.1,0.6,0.7,0.1,-79.0,-86.0,123.0,3.0,4.0,2.0,4.0,3.0,3.0,4.0,2.0,4.0,yaw_left
40.1,10.1,35.1,-0.8,0.0,-0.7,-28.0,-80.0,147.0,2.0,4.0,3.0,3.0,3.0,2.0,3.0,3.0,4.0,yaw_left
56.1,8.1,16.1,-0.6,0.9,0.4,148.0,64.0,158.0,2.0,2.0,3.0,2.0,3.0,2.0,3.0,3.0,2.0,yaw_left
56.1,23.1,5.1,-0.6,0.7,-0.7,93.0,-47.0,-45.0,3.0,2.0,2.0,2.0,2.0,4.0,2.0,4.0,2.0,yaw_left
22.1,44.1,33.1,0.1,0.7,0.9,106.0,-74.0,-138.0,3.0,4.0,3.0,2.0,4.0,2.0,2.0,3.0,2.0,yaw_left
55.1,38.1,36.1,0.5,-1.0,-1.0,-150.0,45.0,-23.0,3.0,2.0,3.0,2.0,2.0,3.0,3.0,2.0,4.0,yaw_left
33.1,21.1,36.1,0.8,0.4,0.0,152.0,75.0,128.0,3.0,4.0,2.0,4.0,3.0,4.0,4.0,4.0,3.0,yaw_left
25.1,7.1,15.1,0.8,-0.6,-0.8,-149.0,-9.0,-53.0,4.0,3.0,4.0,4.0,3.0,3.0,3.0,4.0,4.0,yaw_left
71.1,24.1,47.1,0.1,0.6,-0.4,78.0,9.0,138.0,2.0,4.0,2.0,3.0,3.0,4.0,3.0,4.0,2.0,yaw_left
99.1,14.1,24.1,0.5,0.7,0.9,8.0,-87.0,131.0,4.0,4.0,2.0,4.0,2.0,2.0,3.0,2.0,2.0,yaw_left
54.1,18.1,11.1,0.3,-1.0,0.8,22.0,61.0,130.0,3.0,4.0,2.0,2.0,2.0,3.0,2.0,4.0,3.0,yaw_left
23.1,25.1,10.1,-0.5,-0.5,-0.5,73.0,-38.0,-71.0,4.0,2.0,4.0,4.0,3.0,2.0,4.0,3.0,2.0,yaw_left
16.1,6.1,22.1,0.1,-0.8,-0.9,-131.0,10.0,-87.0,4.0,2.0,3.0,4.0,3.0,4.0,3.0,3.0,4.0,yaw_left
51.1,8.1,20.1,-0.1,-1.0,0.6,-100.0,-22.0,-61.0,2.0,2.0,2.0,4.0,2.0,2.0,3.0,2.0,2.0,yaw_left
40.1,48.1,47.1,0.3,-0.4,-0.3,65.0,-42.0,-142.0,4.0,3.0,3.0,2.0,3.0,2.0,4.0,4.0,2.0,yaw_left
58.1,42.1,34.1,-1.0,-0.5,-0.3,-101.0,82.0,-13.0,2.0,4.0,3.0,2.0,3.0,2.0,2.0,2.0,4.0,yaw_left
8.1,17.1,48.1,0.5,0.9,-0.2,-159.0,21.0,61.0,3.0,3.0,4.0,3.0,2.0,3.0,2.0,3.0,4.0,yaw_left
51.1,0.1,19.1,0.7,0.0,-0.4,-9.0,-73.0,-180.0,2.0,4.0,2.0,2.0,2.0,4.0,4.0,2.0,2.0,yaw_left
88.1,3.1,33.1,-0.1,-0.1,0.3,-67.0,-36.0,24.0,3.0,3.0,2.0,4.0,4.0,4.0,4.0,4.0,2.0,yaw_left
91.1,47.1,4.1,-0.3,0.7,0.4,114.0,-14.0,-114.0,3.0,4.0,4.0,4.0,2.0,3.0,3.0,3.0,3.0,yaw_left
62.1,3.1,14.1,0.8,0.9,0.8,-13.0,10.0,111.0,3.0,3.0,3.0,4.0,4.0,3.0,3.0,3.0,4.0,yaw_left
64.1,32.1,41.1,0.2,0.8,-0.5,36.0,-48.0,-159.0,2.0,4.0,4.0,3.0,3.0,2.0,2.0,3.0,3.0,yaw_left
69.1,7.1,1.1,-0.8,0.2,-0.6,159.0,-72.0,98.0,2.0,2.0,2.0,2.0,2.0,4.0,3.0,3.0,2.0,yaw_left
10.1,5.1,39.1,0.7,-1.0,0.7,-17.0,-45.0,54.0,3.0,2.0,4.0,2.0,4.0,4.0,2.0,4.0,2.0,yaw_left
28.1,6.1,36.1,-0.4,-0.7,0.6,-139.0,46.0,142.0,3.0,3.0,3.0,3.0,3.0,2.0,3.0,2.0,3.0,yaw_left
69.1,40.1,12.1,0.9,-0.3,-0.7,25.0,-36.0,119.0,3.0,3.0,2.0,3.0,3.0,3.0,2.0,4.0,3.0,yaw_left
60.1,9.1,43.1,0.1,-0.9,0.7,-70.0,11.0,-37.0,2.0,4.0,3.0,4.0,2.0,2.0,4.0,3.0,3.0,yaw_left
67.1,9.1,14.1,-0.5,0.7,-0.4,147.0,-62.0,129.0,3.0,4.0,4.0,3.0,2.0,3.0,4.0,2.0,2.0,yaw_left
65.1,31.1,25.1,0.5,-0.6,-0.7,-85.0,70.0,-174.0,3.0,2.0,4.0,3.0,3.0,4.0,2.0,3.0,4.0,yaw_left
69.1,40.1,42.1,0.2,-0.7,-0.5,93.0,-36.0,132.0,4.0,4.0,3.0,2.0,2.0,3.0,4.0,3.0,2.0,yaw_left
31.1,21.1,10.1,0.2,0.2,0.9,-117.0,69.0,9.0,2.0,2.0,3.0,3.0,3.0,2.0,2.0,2.0,2.0,yaw_left
47.1,26.1,6.1,0.2,-0.6,0.8,163.0,-89.0,-90.0,3.0,4.0,3.0,2.0,4.0,2.0,4.0,2.0,3.0,yaw_left
66.1,4.1,4.1,-0.4,0.0,0.2,179.0,-41.0,-26.0,4.0,2.0,2.0,3.0,4.0,2.0,2.0,3.0,4.0,yaw_left
38.1,42.1,19.1,-0.7,-0.4,0.4,-94.0,-40.0,-74.0,3.0,4.0,4.0,3.0,2.0,4.0,3.0,3.0,3.0,yaw_left
12.1,25.1,11.1,-1.0,0.9,-0.4,-100.0,-54.0,121.0,2.0,4.0,4.0,4.0,4.0,4.0,2.0,2.0,2.0,yaw_left
27.1,43.1,28.1,-0.6,-0.6,-0.2,111.0,66.0,-43.0,2.0,2.0,4.0,4.0,2.0,3.0,3.0,4.0,2.0,yaw_left
30.1,33.1,8.1,0.9,0.6,-0.7,-147.0,23.0,131.0,3.0,3.0,4.0,2.0,2.0,2.0,2.0,2.0,3.0,yaw_left
26.1,2.1,47.1,-0.2,-0.6,-0.4,109.0,69.0,-169.0,2.0,4.0,2.0,4.0,4.0,2.0,3.0,2.0,4.0,yaw_left
37.1,40.1,25.1,-0.7,-0.7,0.6,-26.0,64.0,-158.0,2.0,2.0,4.0,2.0,2.0,2.0,3.0,4.0,3.0,yaw_left
85.1,40.1,23.1,-0.2,0.4,0.5,119.0,29.0,55.0,3.0,4.0,4.0,4.0,2.0,2.0,4.0,4.0,2.0,yaw_left
39.1,30.1,28.1,0.8,-0.7,-0.3,-40.0,85.0,168.0,2.0,4.0,2.0,4.0,3.0,2.0,3.0,3.0,3.0,yaw_left
61.1,26.1,26.1,-0.1,-0.1,-0.6,125.0,-60.0,-63.0,4.0,3.0,2.0,3.0,4.0,2.0,2.0,2.0,3.0,yaw_left
1.1,15.1,29.1,-0.4,0.3,-0.8,78.0,-58.0,-84.0,2.0,3.0,2.0,2.0,2.0,4.0,3.0,4.0,4.0,yaw_left
73.1,45.1,45.1,0.3,-0.9,-0.2,-30.0,85.0,-51.0,4.0,3.0,3.0,4.0,4.0,4.0,2.0,4.0,2.0,yaw_left
8.1,2.1,17.1,0.4,0.3,0.9,174.0,-10.0,26.0,3.0,4.0,2.0,4.0,3.0,3.0,3.0,3.0,3.0,yaw_left
64.1,31.1,29.1,0.4,0.9,0.4,122.0,73.0,118.0,2.0,2.0,4.0,2.0,3.0,3.0,2.0,4.0,2.0,yaw_left
71.1,31.1,41.1,0.2,-0.8,0.2,0.0,84.0,116.0,4.0,2.0,2.0,2.0,2.0,2.0,3.0,4.0,3.0,yaw_left
24.1,26.1,37.1,0.7,0.1,0.2,150.0,34.0,37.0,4.0,2.0,3.0,3.0,3.0,2.0,3.0,4.0,2.0,yaw_left
98.1,16.1,1.1,0.7,-1.0,-0.8,-160.0,-89.0,-45.0,2.0,3.0,2.0,2.0,4.0,4.0,2.0,2.0,3.0,yaw_left
8.1,0.1,45.1,0.6,0.7,0.1,-79.0,-86.0,123.0,3.0,4.0,2.0,4.0,3.0,3.0,4.0,2.0,4.0,yaw_left
40.1,10.1,35.1,-0.8,0.0,-0.7,-28.0,-80.0,147.0,2.0,4.0,3.0,3.0,3.0,2.0,3.0,3.0,4.0,yaw_left
56.1,8.1,16.1,-0.6,0.9,0.4,148.0,64.0,158.0,2.0,2.0,3.0,2.0,3.0,2.0,3.0,3.0,2.0,yaw_left
56.1,23.1,5.1,-0.6,0.7,-0.7,93.0,-47.0,-45.0,3.0,2.0,2.0,2.0,2.0,4.0,2.0,4.0,2.0,yaw_left
22.1,44.1,33.1,0.1,0.7,0.9,106.0,-74.0,-138.0,3.0,4.0,3.0,2.0,4.0,2.0,2.0,3.0,2.0,yaw_left
55.1,38.1,36.1,0.5,-1.0,-1.0,-150.0,45.0,-23.0,3.0,2.0,3.0,2.0,2.0,3.0,3.0,2.0,4.0,yaw_left
33.1,21.1,36.1,0.8,0.4,0.0,152.0,75.0,128.0,3.0,4.0,2.0,4.0,3.0,4.0,4.0,4.0,3.0,yaw_left
25.1,7.1,15.1,0.8,-0.6,-0.8,-149.0,-9.0,-53.0,4.0,3.0,4.0,4.0,3.0,3.0,3.0,4.0,4.0,yaw_left
71.1,24.1,47.1,0.1,0.6,-0.4,78.0,9.0,138.0,2.0,4.0,2.0,3.0,3.0,4.0,3.0,4.0,2.0,yaw_left
99.1,14.1,24.1,0.5,0.7,0.9,8.0,-87.0,131.0,4.0,4.0,2.0,4.0,2.0,2.0,3.0,2.0,2.0,yaw_left
54.1,18.1,11.1,0.3,-1.0,0.8,22.0,61.0,130.0,3.0,4.0,2.0,2.0,2.0,3.0,2.0,4.0,3.0,yaw_left
23.1,25.1,10.1,-0.5,-0.5,-0.5,73.0,-38.0,-71.0,4.0,2.0,4.0,4.0,3.0,2.0,4.0,3.0,2.0,yaw_left
16.1,6.1,22.1,0.1,-0.8,-0.9,-131.0,10.0,-87.0,4.0,2.0,3.0,4.0,3.0,4.0,3.0,3.0,4.0,yaw_left
51.1,8.1,20.1,-0.1,-1.0,0.6,-100.0,-22.0,-61.0,2.0,2.0,2.0,4.0,2.0,2.0,3.0,2.0,2.0,yaw_left
40.1,48.1,47.1,0.3,-0.4,-0.3,65.0,-42.0,-142.0,4.0,3.0,3.0,2.0,3.0,2.0,4.0,4.0,2.0,yaw_left
58.1,42.1,34.1,-1.0,-0.5,-0.3,-101.0,82.0,-13.0,2.0,4.0,3.0,2.0,3.0,2.0,2.0,2.0,4.0,yaw_left
23.1,3.1,0.1,-0.3,-0.5,0.8,-37.0,-7.0,4.0,4.0,4.0,3.0,3.0,4.0,3.0,3.0,4.0,3.0,yaw_left
