aX,aY,aZ,gX,gY,gZ,yaw,pitch,roll
-363,-685,8138,1,1,1,-4.88,-2.15,-4.24
-380,-672,8160,0,2,-1,-4.86,-2.18,-4.24
-402,-658,8172,0,4,-1,-4.85,-2.24,-4.24
-414,-650,8173,-1,4,-2,-4.85,-2.31,-4.22
-421,-647,8169,-2,4,-3,-4.86,-2.38,-4.19
-417,-661,8153,-2,2,-3,-4.88,-2.42,-4.16
-414,-687,8134,-2,0,-2,-4.91,-2.45,-4.13
-407,-713,8105,-2,-2,-2,-4.94,-2.43,-4.11
-392,-736,8072,-2,-4,-1,-4.97,-2.38,-4.11
-367,-751,8037,-2,-5,0,-4.99,-2.32,-4.12
-351,-758,8031,0,-4,1,-5.00,-2.27,-4.13
-338,-758,8026,0,-2,1,-4.99,-2.24,-4.15
-341,-764,8037,1,1,0,-4.98,-2.25,-4.17
-344,-760,8039,2,3,0,-4.95,-2.30,-4.17
-371,-749,8047,1,5,-1,-4.92,-2.37,-4.17
-406,-734,8065,1,3,-1,-4.90,-2.43,-4.15
-426,-716,8081,1,1,-2,-4.87,-2.47,-4.14
-421,-703,8105,1,-2,-2,-4.85,-2.46,-4.11
-388,-706,8142,1,-3,-2,-4.84,-2.43,-4.09
-345,-705,8184,0,-3,-2,-4.83,-2.38,-4.07
-302,-705,8231,1,-3,-1,-4.82,-2.33,-4.06
-273,-704,8276,1,-1,0,-4.80,-2.31,-4.06
-251,-699,8308,1,1,0,-4.77,-2.31,-4.06
-246,-692,8336,1,4,0,-4.75,-2.36,-4.07
-262,-687,8337,1,6,0,-4.73,-2.44,-4.07
-282,-678,8343,1,7,0,-4.72,-2.53,-4.08
-314,-664,8344,1,7,-1,-4.69,-2.65,-4.08
-350,-642,8349,2,6,0,-4.66,-2.74,-4.08
-388,-622,8371,2,4,0,-4.62,-2.81,-4.08
-409,-616,8391,2,2,0,-4.59,-2.86,-4.08
-420,-622,8416,1,1,-1,-4.56,-2.89,-4.08
-423,-627,8422,0,2,-1,-4.55,-2.92,-4.07
-421,-624,8405,-1,4,-1,-4.55,-2.97,-4.07
-431,-625,8392,-1,6,-1,-4.56,-3.05,-4.06
-452,-639,8370,-1,8,-2,-4.57,-3.16,-4.05
-477,-656,8333,-1,9,-2,-4.58,-3.29,-4.03
-501,-663,8288,-1,9,-2,-4.59,-3.43,-4.00
-519,-673,8231,-1,9,-3,-4.61,-3.56,-3.98
-542,-694,8171,0,7,-3,-4.61,-3.68,-3.94
-553,-715,8104,0,6,-3,-4.61,-3.77,-3.91
-551,-733,8053,1,4,-3,-4.60,-3.84,-3.87
-546,-747,8021,2,3,-3,-4.58,-3.89,-3.84
-532,-760,7977,4,2,-3,-4.54,-3.92,-3.79
-521,-756,7948,6,2,-3,-4.47,-3.94,-3.75
-540,-728,7953,8,3,-4,-4.37,-3.99,-3.70
-581,-661,8020,9,-1,-4,-4.25,-4.00,-3.66
-625,-546,8138,9,-9,-4,-4.10,-3.92,-3.61
-669,-429,8274,7,-21,-4,-3.96,-3.69,-3.55
-678,-338,8405,6,-36,-4,-3.84,-3.25,-3.50
-647,-284,8531,3,-49,-4,-3.75,-2.62,-3.46
-572,-264,8620,1,-62,-4,-3.71,-1.81,-3.41
-459,-294,8656,-2,-72,-5,-3.71,-0.84,-3.35
-346,-351,8612,-6,-81,-7,-3.76,0.26,-3.25
-252,-400,8489,-11,-95,-11,-3.88,1.53,-3.13
-158,-483,8301,-17,-112,-14,-4.09,3.02,-2.94
-65,-567,8072,-22,-134,-17,-4.37,4.80,-2.71
70,-659,7817,-24,-162,-16,-4.71,6.95,-2.46
285,-743,7544,-24,-189,-12,-5.06,9.48,-2.26
572,-810,7276,-23,-214,-7,-5.43,12.38,-2.10
955,-879,7058,-20,-237,-3,-5.79,15.62,-2.01
1445,-952,6879,-15,-253,1,-6.16,19.11,-1.97
1989,-1012,6734,-12,-263,6,-6.53,22.76,-2.03
2549,-1101,6631,-8,-267,11,-6.95,26.50,-2.17
3029,-1143,6490,-6,-260,15,-7.42,30.15,-2.40
3336,-1129,6294,-5,-250,15,-7.93,33.64,-2.67
3462,-1057,6044,-6,-253,12,-8.50,37.09,-2.94
3513,-949,5772,-7,-271,7,-9.14,40.73,-3.16
3649,-879,5476,-10,-296,1,-9.90,44.69,-3.31
3932,-860,5214,-14,-318,-5,-10.86,48.98,-3.37
4393,-851,4906,-19,-324,-10,-12.07,53.44,-3.27
4918,-857,4618,-22,-311,-14,-13.54,57.78,-3.01
5454,-837,4326,-24,-289,-17,-15.25,61.84,-2.58
6007,-854,4000,-24,-262,-21,-17.17,65.53,-1.92
6540,-880,3686,-23,-234,-24,-19.27,68.84,-0.99
6990,-908,3315,-22,-209,-26,-21.60,71.79,0.22
7342,-930,2932,-23,-193,-25,-24.42,74.47,1.86
7626,-924,2539,-22,-179,-23,-28.03,76.91,4.11
7876,-906,2134,-22,-160,-22,-32.64,79.08,7.23
8111,-930,1801,-19,-134,-22,-38.09,80.88,11.50
8322,-946,1520,-14,-105,-23,-43.72,82.27,16.76
8461,-922,1282,-10,-77,-23,-48.96,83.30,22.67
8515,-861,1072,-6,-55,-21,-53.33,84.06,28.51
8495,-759,879,-6,-40,-17,-56.93,84.61,34.18
8389,-650,712,-7,-31,-13,-60.05,85.02,39.73
8237,-553,568,-8,-29,-10,-63.57,85.36,46.02
8127,-475,429,-10,-31,-10,-67.88,85.66,53.67
8101,-413,305,-13,-28,-11,-72.59,85.95,62.14
8200,-398,232,-13,-22,-13,-76.75,86.21,69.53
8413,-412,132,-13,-7,-15,-78.64,86.44,73.44
8636,-422,-15,-12,14,-14,-76.41,86.62,72.83
8800,-427,-159,-10,28,-13,-70.29,86.70,68.62
8889,-422,-283,-7,34,-11,-62.68,86.68,63.50
8931,-411,-393,-3,34,-7,-55.45,86.55,58.43
8948,-395,-494,2,34,-3,-49.43,86.33,53.51
8945,-387,-534,7,33,0,-44.78,86.06,48.69
8918,-375,-496,11,31,3,-41.17,85.75,43.82
8914,-361,-375,15,31,5,-38.41,85.41,38.80
8945,-335,-193,18,38,8,-35.64,84.96,33.06
8996,-303,57,20,54,10,-32.32,84.31,26.47
-1053,-275,7994,1,1,-1,-1.74,-6.62,-2.36
-1052,-282,8004,1,0,-1,-1.73,-6.64,-2.36
-1040,-282,8028,2,1,-1,-1.70,-6.66,-2.35
-1027,-285,8070,2,2,-1,-1.68,-6.69,-2.34
-1017,-285,8110,1,3,-1,-1.66,-6.73,-2.33
-1014,-279,8145,1,3,-1,-1.64,-6.78,-2.33
-1013,-272,8175,0,1,0,-1.63,-6.81,-2.33
-1013,-262,8191,-1,1,0,-1.63,-6.83,-2.33
-1021,-260,8208,-2,0,0,-1.65,-6.84,-2.34
-1031,-261,8211,-1,0,0,-1.66,-6.86,-2.35
-1036,-259,8218,0,1,0,-1.66,-6.88,-2.36
-1044,-247,8220,1,2,0,-1.64,-6.91,-2.36
-1047,-226,8234,1,2,-1,-1.62,-6.95,-2.36
-1051,-207,8260,1,2,-1,-1.59,-6.99,-2.36
-1049,-194,8284,1,1,-1,-1.57,-7.01,-2.35
-1044,-182,8311,1,0,-1,-1.54,-7.02,-2.33
-1039,-169,8325,0,0,-1,-1.53,-7.03,-2.32
-1037,-160,8337,-1,0,-2,-1.54,-7.04,-2.31
-1037,-160,8331,-2,-1,-2,-1.55,-7.04,-2.30
-1032,-168,8320,-2,-1,-2,-1.58,-7.03,-2.28
-1019,-180,8297,-3,-1,-2,-1.61,-7.02,-2.26
-1002,-193,8273,-2,-1,-3,-1.64,-7.02,-2.23
-982,-205,8248,-2,-1,-2,-1.66,-7.01,-2.20
-964,-224,8237,-1,0,-2,-1.67,-7.00,-2.18
-953,-232,8223,-1,-1,-2,-1.68,-6.99,-2.17
-942,-242,8218,-1,-2,-1,-1.69,-6.97,-2.16
-934,-245,8226,-1,-2,-1,-1.70,-6.95,-2.16
-926,-241,8251,-2,-4,0,-1.72,-6.90,-2.16
-939,-233,8280,-3,-6,0,-1.74,-6.83,-2.17
-993,-244,8355,-4,-11,0,-1.78,-6.71,-2.18
-1043,-227,8454,-9,-20,0,-1.89,-6.48,-2.20
-1079,-210,8504,-17,-28,-1,-2.09,-6.13,-2.22
-1121,-170,8475,-25,-35,-3,-2.39,-5.69,-2.22
-1123,-132,8351,-29,-47,-3,-2.76,-5.09,-2.22
-1113,-124,8175,-30,-64,-3,-3.15,-4.30,-2.21
-1045,-167,8029,-27,-81,0,-3.53,-3.25,-2.23
-897,-229,7937,-22,-94,3,-3.84,-2.00,-2.28
-704,-286,7897,-15,-97,6,-4.05,-0.66,-2.36
-539,-335,7907,-8,-95,9,-4.18,0.65,-2.49
-428,-358,7900,-4,-95,10,-4.24,1.93,-2.63
-384,-339,7862,-4,-109,9,-4.29,3.35,-2.77
-361,-328,7751,-7,-138,10,-4.37,5.10,-2.91
-255,-367,7613,-11,-179,12,-4.53,7.38,-3.08
-17,-454,7423,-14,-215,14,-4.78,10.19,-3.27
341,-564,7240,-16,-237,16,-5.11,13.39,-3.49
782,-649,7098,-12,-242,15,-5.44,16.72,-3.73
1255,-711,7031,-6,-235,11,-5.72,20.00,-3.94
1744,-739,6989,0,-220,6,-5.91,23.11,-4.13
2213,-771,6969,4,-203,0,-6.02,26.00,-4.27
2607,-766,6939,6,-187,-5,-6.05,28.66,-4.37
2901,-738,6869,6,-179,-8,-6.05,31.16,-4.44
3107,-714,6763,6,-178,-11,-6.04,33.62,-4.49
3317,-661,6657,4,-182,-14,-6.02,36.12,-4.50
3581,-596,6568,3,-182,-18,-5.97,38.66,-4.47
3922,-568,6502,2,-178,-21,-5.91,41.15,-4.38
4334,-544,6434,1,-164,-25,-5.80,43.48,-4.23
4729,-523,6375,-1,-144,-29,-5.61,45.58,-4.00
5047,-515,6287,-3,-130,-32,-5.36,47.44,-3.67
5323,-501,6144,-7,-127,-33,-5.11,49.22,-3.24
5568,-470,5903,-13,-131,-32,-4.92,51.04,-2.72
5763,-463,5576,-18,-139,-31,-4.80,52.97,-2.10
5936,-473,5156,-22,-148,-29,-4.76,55.04,-1.39
6093,-512,4702,-23,-157,-28,-4.79,57.25,-0.58
6271,-560,4234,-22,-162,-27,-4.84,59.57,0.29
6497,-590,3826,-19,-164,-25,-4.89,61.93,1.17
6783,-608,3475,-14,-158,-23,-4.89,64.24,2.03
7082,-648,3177,-10,-144,-21,-4.85,66.37,2.86
7362,-681,2933,-7,-130,-20,-4.73,68.30,3.64
7598,-683,2664,-6,-115,-19,-4.56,70.02,4.41
7743,-674,2421,-6,-108,-17,-4.38,71.59,5.25
7851,-651,2153,-8,-108,-14,-4.30,73.16,6.26
7925,-575,1880,-10,-112,-11,-4.38,74.78,7.53
8002,-501,1629,-10,-115,-7,-4.64,76.43,9.08
8087,-420,1375,-9,-110,-5,-5.07,78.05,10.90
8146,-359,1196,-7,-102,-5,-5.57,79.56,13.00
8193,-288,1069,-5,-91,-6,-6.05,80.90,15.26
8210,-208,997,-3,-76,-7,-6.29,82.04,17.69
8210,-123,980,-3,-61,-9,-6.15,82.95,20.18
8244,-49,965,-5,-46,-13,-5.33,83.67,22.74
8324,-11,901,-8,-31,-16,-3.67,84.16,25.34
8431,-14,821,-10,-17,-18,-1.46,84.46,27.78
8621,-28,717,-10,-4,-19,1.07,84.58,29.70
8870,-54,635,-9,10,-17,3.45,84.50,30.58
9110,-59,578,-6,27,-13,4.95,84.19,30.09
9265,-26,524,-3,45,-7,5.51,83.63,28.33
9295,14,434,-3,56,-1,5.17,82.91,26.02
9213,76,341,-3,52,4,4.39,82.21,24.11
9080,146,257,-3,37,8,3.45,81.70,22.85
8962,194,205,-1,22,14,2.25,81.41,22.03
8885,203,231,3,15,19,0.72,81.25,21.17
8845,181,357,10,21,22,-1.07,81.02,19.67
8820,159,595,17,41,24,-2.77,80.54,17.25
8769,159,969,23,71,24,-4.05,79.63,13.98
8659,182,1420,26,107,22,-4.69,78.20,10.40
8429,210,1787,23,140,17,-4.73,76.27,7.36
8098,265,2035,13,158,11,-4.41,74.05,5.39
7734,302,2198,1,148,5,-4.03,71.88,4.47
7440,304,2283,-8,125,3,-3.81,70.02,4.24
7238,270,2347,-12,105,5,-3.80,68.48,4.24
-1360,-294,8133,-1,-1,0,-2.04,-9.41,-3.27
-1381,-298,8128,-1,-1,0,-2.04,-9.41,-3.28
-1397,-302,8110,-1,-1,-1,-2.06,-9.41,-3.28
-1404,-308,8080,-2,-1,-1,-2.07,-9.40,-3.28
-1410,-319,8044,-2,-2,-1,-2.09,-9.39,-3.28
-1416,-329,8009,-1,-2,0,-2.11,-9.38,-3.29
-1423,-335,7974,0,-3,0,-2.11,-9.36,-3.29
-1438,-336,7964,0,-3,1,-2.10,-9.33,-3.31
-1449,-340,7975,1,-4,1,-2.08,-9.29,-3.32
-1453,-340,8006,1,-4,1,-2.07,-9.25,-3.34
-1449,-335,8052,1,-3,0,-2.04,-9.22,-3.34
-1440,-330,8084,1,-1,0,-2.02,-9.21,-3.35
-1434,-318,8110,1,0,-1,-2.00,-9.22,-3.34
-1429,-295,8125,0,1,-1,-1.99,-9.25,-3.34
-1435,-277,8134,0,1,-1,-1.98,-9.28,-3.33
-1442,-266,8147,0,1,-1,-1.98,-9.30,-3.32
-1441,-253,8151,0,-1,-1,-1.97,-9.30,-3.32
-1428,-251,8163,0,-1,-2,-1.96,-9.30,-3.30
-1407,-249,8173,0,-1,-2,-1.96,-9.30,-3.29
-1386,-249,8180,0,-1,-1,-1.96,-9.28,-3.27
-1363,-255,8190,-1,-1,-1,-1.96,-9.28,-3.26
-1344,-262,8193,-1,-1,-1,-1.97,-9.26,-3.25
-1325,-263,8182,-1,0,-1,-1.98,-9.26,-3.24
-1320,-271,8169,-1,1,-1,-1.98,-9.28,-3.24
-1325,-276,8163,0,2,-1,-1.98,-9.30,-3.24
-1334,-277,8139,0,1,-1,-1.98,-9.33,-3.23
-1344,-288,8135,0,1,-1,-1.97,-9.35,-3.22
-1345,-297,8128,0,-1,-1,-1.96,-9.35,-3.22
-1337,-301,8133,0,-2,-1,-1.96,-9.33,-3.21
-1335,-307,8142,0,-2,-1,-1.96,-9.31,-3.21
-1333,-307,8144,0,-2,-1,-1.94,-9.29,-3.20
-1336,-300,8137,0,-2,-1,-1.94,-9.27,-3.20
-1341,-302,8125,-1,-4,-1,-1.94,-9.23,-3.19
-1346,-301,8103,-1,-5,-1,-1.95,-9.18,-3.19
-1363,-303,8067,-1,-8,-1,-1.95,-9.08,-3.18
-1379,-288,8003,0,-13,-1,-1.95,-8.94,-3.17
-1382,-274,7952,1,-20,-2,-1.93,-8.70,-3.15
-1372,-256,7917,3,-28,-2,-1.88,-8.36,-3.12
-1358,-223,7901,4,-37,-1,-1.81,-7.89,-3.10
-1358,-203,7922,4,-47,0,-1.74,-7.29,-3.08
-1360,-193,7967,2,-60,1,-1.69,-6.52,-3.08
-1366,-179,8024,-1,-73,3,-1.67,-5.57,-3.12
-1366,-165,8093,-3,-85,3,-1.69,-4.47,-3.17
-1372,-112,8179,-6,-95,2,-1.74,-3.22,-3.21
-1401,-18,8273,-9,-108,-1,-1.83,-1.82,-3.22
-1447,60,8329,-14,-128,-3,-1.95,-0.19,-3.20
-1422,105,8307,-20,-154,-5,-2.18,1.78,-3.14
-1306,127,8192,-28,-183,-7,-2.51,4.14,-3.04
-1105,90,7986,-34,-212,-9,-2.94,6.93,-2.91
-846,9,7656,-38,-243,-10,-3.45,10.13,-2.74
-504,-125,7295,-40,-279,-12,-4.01,13.85,-2.51
-48,-273,6927,-38,-307,-13,-4.59,18.00,-2.25
489,-374,6592,-34,-325,-14,-5.16,22.46,-1.95
1119,-494,6258,-31,-330,-16,-5.72,27.05,-1.60
1825,-604,6019,-27,-324,-22,-6.25,31.63,-1.16
2553,-697,5810,-23,-305,-28,-6.68,36.01,-0.61
3257,-756,5633,-18,-284,-34,-7.00,40.11,0.03
3926,-749,5444,-12,-264,-38,-7.16,43.95,0.73
4556,-726,5292,-5,-247,-40,-7.14,47.54,1.45
5150,-707,5165,2,-233,-40,-6.96,50.91,2.11
5696,-659,5037,5,-220,-39,-6.66,54.10,2.74
6164,-584,4909,6,-209,-36,-6.31,57.11,3.35
6505,-474,4708,2,-198,-33,-5.98,59.96,4.04
6714,-358,4515,-3,-194,-30,-5.69,62.70,4.88
6850,-252,4253,-10,-189,-29,-5.45,65.38,6.01
6940,-191,3928,-17,-187,-29,-5.25,68.02,7.58
7077,-165,3598,-23,-184,-31,-5.02,70.62,9.78
7303,-183,3253,-26,-174,-33,-4.60,73.12,12.67
7554,-191,2860,-29,-158,-34,-3.94,75.43,16.38
7767,-161,2426,-31,-143,-32,-3.03,77.53,20.99
7885,-123,1971,-31,-131,-30,-1.78,79.45,26.62
7916,-90,1538,-31,-124,-27,-0.11,81.26,33.47
7893,-38,1118,-29,-116,-27,2.39,82.95,41.58
7814,1,749,-28,-107,-29,6.70,84.49,50.96
7787,25,437,-26,-99,-33,14.69,85.86,61.20
7865,33,154,-25,-86,-36,29.31,86.89,71.27
7979,32,-94,-24,-76,-38,51.84,87.44,80.45
8154,42,-308,-22,-69,-37,77.37,87.42,88.51
8356,55,-470,-20,-60,-33,96.42,92.99,95.25
8537,75,-625,-18,-47,-28,107.78,93.51,100.34
8672,105,-738,-16,-33,-24,113.79,94.01,103.88
8803,133,-827,-14,-18,-21,116.17,94.40,105.85
8954,151,-863,-11,-1,-19,115.81,94.66,106.43
9124,165,-852,-9,18,-16,112.94,94.78,105.53
9275,182,-844,-6,37,-12,107.39,94.78,103.07
9378,225,-838,-5,53,-8,99.32,94.72,99.23
9446,318,-819,-3,64,-3,89.22,85.31,94.31
9503,429,-784,-1,70,1,77.99,85.22,88.65
9564,530,-768,0,73,5,66.91,84.99,82.73
9642,606,-720,0,72,10,56.80,84.65,76.94
9739,661,-618,4,73,17,47.66,84.24,71.25
9808,727,-422,9,81,25,38.74,83.69,65.15
9824,769,-97,14,96,33,29.87,82.89,58.13
9754,826,321,17,121,38,21.58,81.65,50.10
9518,924,755,16,154,39,14.76,79.85,41.73
9091,1018,1157,11,179,34,10.04,77.53,34.30
8577,1036,1499,2,192,24,7.15,74.92,28.66
8116,1038,1798,-7,195,11,5.52,72.20,24.79
7797,1015,2040,-15,195,-1,4.67,69.44,22.25
-1211,-70,8088,-3,-3,-1,-0.56,-9.18,1.24
-1184,-79,8067,-2,-1,1,-0.59,-9.15,1.23
-1197,-82,8054,-1,1,1,-0.59,-9.16,1.20
-1251,-76,8066,0,1,1,-0.58,-9.18,1.18
-1302,-63,8085,1,1,1,-0.56,-9.21,1.16
-1340,-48,8118,1,-1,0,-0.53,-9.22,1.16
-1357,-36,8154,0,-2,-2,-0.51,-9.21,1.17
-1335,-32,8176,0,-2,-3,-0.51,-9.19,1.20
-1301,-41,8188,-1,-1,-3,-0.52,-9.17,1.23
-1269,-58,8188,-2,-1,-2,-0.54,-9.16,1.25
-1241,-77,8162,-3,-2,-1,-0.58,-9.15,1.25
-1225,-101,8122,-3,-2,0,-0.61,-9.12,1.24
-1232,-120,8090,-2,-3,1,-0.64,-9.08,1.21
-1252,-124,8050,-1,-3,2,-0.65,-9.05,1.18
-1283,-124,8027,0,-2,2,-0.64,-9.04,1.14
-1332,-124,8028,0,-1,1,-0.63,-9.03,1.12
-1377,-117,8042,1,-2,1,-0.61,-9.03,1.10
-1405,-114,8071,1,-2,0,-0.59,-9.03,1.10
-1423,-109,8091,0,-3,-1,-0.58,-9.01,1.10
-1425,-103,8098,-1,-3,-1,-0.58,-8.98,1.11
-1413,-99,8097,-1,-3,-1,-0.59,-8.94,1.13
-1404,-99,8077,-2,-3,-1,-0.61,-8.91,1.13
-1405,-100,8062,-1,-3,-1,-0.63,-8.89,1.14
-1411,-107,8053,-1,-3,-1,-0.64,-8.86,1.14
-1414,-114,8057,-1,-3,-1,-0.64,-8.84,1.15
-1417,-117,8061,0,-4,-2,-0.64,-8.80,1.16
-1401,-119,8060,0,-4,-2,-0.64,-8.76,1.19
-1365,-116,8062,0,-5,-2,-0.65,-8.70,1.21
-1315,-113,8068,0,-6,-2,-0.65,-8.63,1.23
-1260,-115,8082,-1,-7,-1,-0.65,-8.53,1.24
-1216,-127,8087,-1,-8,0,-0.67,-8.42,1.23
-1180,-149,8095,-2,-10,1,-0.68,-8.30,1.21
-1153,-172,8095,-2,-12,2,-0.71,-8.13,1.18
-1137,-190,8092,-2,-17,3,-0.73,-7.92,1.14
-1114,-209,8092,-2,-22,4,-0.75,-7.64,1.08
-1087,-215,8083,-3,-28,5,-0.78,-7.27,1.00
-1059,-197,8073,-3,-35,7,-0.81,-6.81,0.90
-1027,-171,8072,-4,-41,8,-0.84,-6.26,0.78
-1023,-143,8060,-4,-44,8,-0.88,-5.68,0.66
-1059,-84,7994,-4,-51,6,-0.92,-5.02,0.56
-1109,-59,7921,-4,-62,4,-0.94,-4.24,0.48
-1123,-30,7884,-1,-76,2,-0.95,-3.27,0.44
-1100,14,7890,0,-92,1,-0.93,-2.09,0.42
-1038,59,7943,0,-113,1,-0.90,-0.63,0.41
-902,90,8062,-3,-138,2,-0.91,1.17,0.38
-685,157,8178,-7,-158,6,-0.97,3.28,0.31
-424,208,8262,-10,-169,8,-1.08,5.58,0.21
-196,191,8300,-12,-171,6,-1.23,7.94,0.13
-8,179,8245,-13,-172,2,-1.40,10.28,0.10
175,175,8098,-14,-175,-3,-1.56,12.66,0.15
271,205,7892,-15,-189,-7,-1.74,15.16,0.28
387,240,7633,-18,-221,-8,-1.93,18.05,0.45
578,263,7272,-23,-255,-7,-2.20,21.42,0.65
962,162,6891,-27,-281,-10,-2.56,25.22,0.95
1538,43,6575,-23,-275,-17,-2.89,29.10,1.36
2333,-34,6457,-9,-239,-28,-2.97,32.62,1.86
3226,-139,6524,9,-189,-41,-2.64,35.49,2.41
4076,-200,6720,22,-148,-48,-1.96,37.75,2.95
4725,-116,6861,23,-126,-43,-1.17,39.61,3.38
5130,-50,6919,12,-135,-29,-0.56,41.46,3.74
5342,-76,6775,-1,-159,-14,-0.31,43.58,4.07
5442,-89,6447,-12,-192,-1,-0.42,46.14,4.43
5522,-108,5939,-17,-211,6,-0.75,49.04,4.86
5574,-140,5411,-16,-215,6,-1.16,52.07,5.36
5698,-202,4980,-8,-202,-1,-1.43,54.98,5.90
5836,-274,4646,0,-173,-11,-1.41,57.53,6.44
5975,-333,4454,5,-150,-20,-1.07,59.70,6.99
6145,-322,4285,5,-134,-25,-0.51,61.61,7.61
6262,-244,4116,0,-126,-24,0.15,63.38,8.37
6328,-145,3855,-8,-127,-23,0.76,65.13,9.38
6415,-67,3497,-15,-133,-24,1.40,66.96,10.81
6507,-49,3084,-18,-138,-28,2.23,68.88,12.69
6658,-30,2690,-18,-144,-29,3.34,70.89,15.03
6937,10,2362,-16,-139,-29,4.75,72.87,17.74
7291,39,2102,-13,-121,-28,6.47,74.64,20.64
7640,58,1894,-10,-96,-30,8.57,76.04,23.48
7960,73,1718,-9,-72,-34,11.08,77.07,26.18
8193,106,1511,-10,-57,-35,13.83,77.82,28.83
8342,162,1254,-12,-57,-31,16.70,78.52,31.73
8464,218,969,-13,-59,-27,19.76,79.24,35.01
8606,250,715,-9,-55,-24,22.98,79.93,38.41
8789,264,538,-3,-43,-21,26.10,80.46,41.30
8987,262,486,2,-28,-18,28.80,80.79,43.24
9174,270,510,5,-13,-14,30.70,80.94,44.18
9426,240,619,5,5,-10,31.43,80.90,44.08
9701,174,762,4,32,-6,30.74,80.59,42.62
9920,152,898,3,63,-3,28.62,79.92,39.71
9993,197,974,0,89,1,25.67,78.92,36.07
9902,284,963,-5,105,5,22.51,77.69,32.52
9716,409,873,-9,108,10,19.56,76.38,29.64
9498,571,759,-10,102,16,16.99,75.14,27.36
9307,711,665,-7,94,22,14.69,74.02,25.43
9157,798,690,1,90,28,12.60,72.96,23.46
9084,847,898,11,97,32,10.67,71.83,21.20
9023,865,1273,20,117,34,8.89,70.42,18.55
8912,877,1810,25,145,35,7.28,68.59,15.72
8722,894,2435,24,173,33,5.93,66.31,13.04
8437,924,3005,15,197,28,4.81,63.62,10.89
8039,969,3408,1,212,22,3.90,60.68,9.43
-1246,-167,8094,1,-1,-2,-1.71,-8.57,0.38
-1240,-161,8129,0,-1,-2,-1.70,-8.55,0.40
-1229,-158,8150,-1,-2,-1,-1.70,-8.53,0.41
-1220,-157,8160,-2,-3,-1,-1.70,-8.50,0.42
-1203,-165,8159,-2,-3,-2,-1.73,-8.47,0.43
-1177,-171,8142,-2,-2,-2,-1.74,-8.43,0.45
-1141,-187,8131,-1,-2,-2,-1.75,-8.41,0.47
-1097,-198,8112,0,-1,-2,-1.75,-8.38,0.50
-1056,-196,8102,1,-1,-2,-1.73,-8.37,0.51
-1025,-199,8117,2,0,0,-1.70,-8.36,0.52
-1001,-192,8138,2,-1,1,-1.67,-8.34,0.51
-1004,-189,8157,1,-1,2,-1.63,-8.32,0.48
-1038,-198,8176,1,-2,3,-1.60,-8.29,0.44
-1085,-199,8186,0,-3,3,-1.58,-8.27,0.38
-1139,-204,8181,-1,-4,3,-1.58,-8.23,0.33
-1185,-210,8173,-1,-5,2,-1.58,-8.18,0.29
-1207,-226,8160,-1,-5,1,-1.58,-8.13,0.26
-1217,-247,8159,-1,-6,1,-1.60,-8.07,0.24
-1214,-265,8143,-1,-6,0,-1.59,-8.00,0.23
-1194,-282,8127,-1,-7,1,-1.60,-7.90,0.21
-1185,-295,8111,-1,-9,1,-1.60,-7.80,0.19
-1191,-305,8086,-1,-11,2,-1.61,-7.67,0.15
-1204,-322,8069,-1,-16,3,-1.62,-7.48,0.10
-1219,-339,8046,-2,-21,4,-1.63,-7.22,0.04
-1240,-353,8014,-2,-29,5,-1.65,-6.88,-0.04
-1253,-346,7965,-2,-38,6,-1.66,-6.40,-0.13
-1262,-321,7901,-2,-50,6,-1.68,-5.79,-0.22
-1277,-309,7847,-2,-65,7,-1.70,-4.98,-0.33
-1243,-281,7823,-1,-80,7,-1.70,-3.96,-0.42
-1139,-273,7848,-1,-91,6,-1.70,-2.75,-0.52
-995,-265,7917,1,-96,5,-1.69,-1.44,-0.60
-848,-227,7974,1,-98,2,-1.66,-0.10,-0.64
-710,-233,8009,1,-99,-1,-1.64,1.26,-0.65
-576,-251,8021,1,-103,-4,-1.62,2.64,-0.61
-431,-242,8005,0,-110,-6,-1.62,4.11,-0.54
-265,-213,7971,-1,-126,-5,-1.62,5.77,-0.47
-61,-182,7912,-4,-146,-3,-1.66,7.71,-0.43
178,-179,7831,-6,-165,-1,-1.72,9.92,-0.41
443,-161,7711,-7,-178,0,-1.83,12.34,-0.40
703,-149,7586,-8,-188,-2,-1.94,14.91,-0.37
934,-99,7446,-6,-196,-4,-2.04,17.59,-0.30
1149,-45,7316,-6,-211,-6,-2.09,20.43,-0.21
1470,-77,7202,-5,-223,-9,-2.15,23.49,-0.07
1859,-117,7090,-5,-220,-13,-2.19,26.56,0.12
2267,-172,6970,-3,-209,-19,-2.16,29.50,0.38
2722,-233,6853,0,-195,-25,-2.04,32.28,0.70
3248,-280,6774,4,-179,-29,-1.80,34.85,1.08
3795,-261,6725,8,-165,-30,-1.45,37.22,1.46
4295,-226,6706,10,-154,-28,-1.03,39.43,1.79
4715,-141,6672,11,-148,-24,-0.60,41.53,2.06
5003,-57,6539,6,-146,-19,-0.23,43.57,2.31
5167,-1,6328,0,-152,-16,0.04,45.66,2.59
5280,32,6028,-4,-164,-14,0.22,47.90,2.95
5359,49,5646,-8,-174,-13,0.36,50.28,3.39
5457,41,5226,-8,-182,-14,0.51,52.81,3.91
5613,10,4804,-6,-185,-16,0.73,55.41,4.50
5815,-3,4415,-3,-180,-18,1.09,57.97,5.14
6057,34,4099,1,-172,-19,1.62,60.43,5.79
6275,115,3813,3,-158,-21,2.34,62.70,6.44
6397,242,3579,3,-150,-24,3.29,64.81,7.16
6510,333,3316,-1,-147,-28,4.48,66.86,8.14
6638,387,2997,-6,-146,-32,5.99,68.87,9.47
6831,418,2640,-9,-150,-35,7.88,70.92,11.30
7106,447,2264,-9,-149,-36,10.32,72.95,13.57
7422,452,1923,-7,-140,-36,13.40,74.86,16.21
7731,438,1658,-3,-124,-36,17.13,76.53,19.10
8035,424,1488,0,-106,-35,21.37,77.87,22.08
8341,418,1370,0,-86,-34,25.94,78.88,25.13
8673,381,1280,-2,-69,-33,30.59,79.60,28.28
9045,315,1169,-5,-57,-31,34.97,80.11,31.59
9400,302,995,-7,-46,-23,38.81,80.50,35.01
9631,352,795,-7,-37,-13,41.89,80.84,38.15
9745,397,624,-4,-31,-2,44.04,81.19,40.82
9788,459,490,-1,-21,7,45.29,81.53,42.69
9801,514,423,1,-5,11,45.33,81.77,43.36
9790,588,426,4,12,14,43.99,81.86,42.38
9738,687,510,5,30,17,41.25,81.78,40.01
9616,797,610,3,45,20,37.37,81.50,36.77
9433,896,713,-1,56,21,33.04,81.05,33.40
9262,969,794,-5,64,20,28.81,80.44,30.47
9169,983,858,-7,73,20,24.85,79.69,27.87
9166,947,894,-6,84,20,21.15,78.77,25.31
9212,901,968,-3,97,22,17.70,77.66,22.67
9244,864,1097,0,111,25,14.51,76.34,20.05
9237,828,1317,1,127,29,11.60,74.78,17.48
9125,823,1619,2,147,33,8.92,72.92,15.03
8905,840,1926,-1,166,35,6.60,70.74,12.89
8563,890,2121,-7,181,35,4.64,68.32,11.19
8098,956,2224,-15,183,32,3.08,65.80,10.04
7592,1036,2260,-22,169,27,1.87,63.41,9.37
7153,1053,2295,-24,153,23,0.93,61.26,8.98
6833,969,2332,-21,143,20,0.19,59.26,8.67
6649,836,2404,-16,130,15,-0.36,57.43,8.38
6617,651,2565,-10,115,12,-0.74,55.83,8.09
6689,481,2840,-3,107,16,-1.07,54.37,7.68
6743,319,3240,4,111,23,-1.39,52.87,7.07
6686,186,3743,10,126,28,-1.69,51.18,6.28
6487,121,4283,13,147,28,-1.92,49.17,5.41
6161,147,4716,9,168,24,-2.05,46.82,4.67
-1642,-324,8017,1,-3,0,-2.12,-11.35,2.81
-1644,-306,8046,1,-3,0,-2.10,-11.32,2.81
-1649,-282,8093,1,-3,0,-2.08,-11.28,2.81
-1652,-262,8139,1,-3,0,-2.06,-11.24,2.80
-1654,-242,8173,0,-2,-1,-2.05,-11.22,2.81
-1655,-233,8196,-1,-1,-1,-2.04,-11.21,2.82
-1653,-228,8194,-2,-1,-2,-2.06,-11.21,2.83
-1646,-219,8180,-3,-1,-2,-2.09,-11.21,2.84
-1642,-222,8148,-3,-2,-2,-2.11,-11.19,2.85
-1636,-234,8104,-3,-2,-1,-2.14,-11.17,2.86
-1626,-246,8084,-2,-2,-1,-2.16,-11.14,2.86
-1626,-265,8071,-1,-2,-1,-2.18,-11.12,2.86
-1627,-286,8059,0,-3,0,-2.18,-11.09,2.86
-1635,-300,8061,0,-3,-1,-2.16,-11.07,2.86
-1629,-313,8071,0,-3,-1,-2.15,-11.04,2.87
-1608,-312,8068,0,-2,-1,-2.15,-11.02,2.88
-1603,-312,8073,0,0,-1,-2.15,-11.02,2.89
-1602,-321,8080,0,0,-1,-2.15,-11.03,2.90
-1594,-325,8084,0,-1,-1,-2.14,-11.03,2.91
-1586,-322,8097,0,-1,0,-2.14,-11.01,2.91
-1582,-314,8100,0,-2,0,-2.13,-10.99,2.91
-1587,-311,8104,0,-2,0,-2.13,-10.96,2.90
-1590,-308,8105,0,-3,0,-2.12,-10.94,2.89
-1592,-302,8099,0,-2,0,-2.12,-10.92,2.88
-1616,-305,8087,-1,-1,0,-2.11,-10.91,2.87
-1650,-315,8074,-1,-2,0,-2.12,-10.90,2.87
-1683,-324,8042,-1,-3,-1,-2.13,-10.89,2.87
-1717,-338,7996,-2,-5,-1,-2.15,-10.85,2.86
-1737,-367,7958,-2,-7,-1,-2.17,-10.78,2.87
-1736,-399,7935,-2,-10,-1,-2.20,-10.67,2.88
-1711,-422,7913,-2,-13,0,-2.23,-10.51,2.87
-1673,-440,7907,-2,-19,1,-2.25,-10.29,2.84
-1646,-438,7900,-3,-26,2,-2.28,-9.96,2.80
-1625,-437,7886,-4,-35,4,-2.31,-9.53,2.73
-1609,-421,7862,-5,-47,5,-2.35,-8.94,2.64
-1572,-405,7838,-5,-60,7,-2.39,-8.18,2.53
-1515,-364,7827,-4,-69,8,-2.43,-7.27,2.41
-1466,-313,7857,-2,-77,8,-2.43,-6.25,2.28
-1420,-269,7905,0,-85,7,-2.40,-5.14,2.16
-1373,-210,7957,2,-92,6,-2.34,-3.92,2.07
-1328,-190,8026,3,-101,5,-2.28,-2.60,1.99
-1228,-194,8095,3,-110,3,-2.22,-1.14,1.92
-1075,-158,8112,0,-118,2,-2.19,0.43,1.87
-912,-152,8136,-1,-126,2,-2.19,2.10,1.85
-773,-144,8162,-2,-134,1,-2.20,3.89,1.83
-606,-134,8204,-2,-144,-1,-2.21,5.81,1.84
-381,-147,8171,-3,-156,-4,-2.23,7.89,1.88
-107,-143,8058,-7,-167,-6,-2.31,10.15,1.97
163,-168,7900,-8,-176,-8,-2.40,12.54,2.09
468,-204,7742,-7,-191,-10,-2.48,15.11,2.27
851,-230,7545,-5,-205,-12,-2.54,17.90,2.47
1270,-245,7286,-5,-214,-12,-2.60,20.85,2.71
1749,-313,7056,-5,-229,-13,-2.66,24.00,2.97
2366,-425,6851,-3,-233,-13,-2.71,27.29,3.26
3019,-538,6703,2,-221,-12,-2.71,30.48,3.53
3606,-612,6575,7,-202,-11,-2.66,33.43,3.74
4073,-615,6480,10,-188,-11,-2.53,36.15,3.92
4435,-555,6385,9,-184,-9,-2.40,38.76,4.07
4717,-459,6251,5,-185,-6,-2.32,41.36,4.23
4949,-375,6066,1,-189,-5,-2.33,44.01,4.46
5161,-298,5839,-2,-188,-7,-2.36,46.66,4.77
5344,-202,5591,-2,-182,-10,-2.34,49.23,5.16
5506,-93,5302,-3,-179,-14,-2.26,51.75,5.66
5668,-21,5007,-4,-179,-17,-2.11,54.27,6.28
5824,-14,4669,-6,-179,-19,-1.92,56.79,7.06
5986,-27,4262,-8,-179,-21,-1.70,59.32,8.00
6140,-63,3796,-10,-181,-22,-1.42,61.90,9.17
6301,-89,3321,-10,-190,-22,-1.10,64.58,10.63
6513,-74,2908,-9,-196,-21,-0.67,67.36,12.42
6756,-16,2616,-6,-190,-20,-0.07,70.10,14.48
6981,61,2448,-2,-173,-22,0.85,72.62,16.79
7153,156,2310,0,-149,-26,2.27,74.79,19.33
7235,196,2155,-3,-126,-32,4.35,76.60,22.22
7307,216,1981,-9,-119,-38,7.26,78.21,25.93
7469,228,1730,-14,-115,-40,11.24,79.73,30.81
7656,226,1441,-17,-112,-39,16.44,81.16,36.92
7855,231,1122,-16,-106,-37,23.17,82.43,44.24
8020,259,813,-14,-97,-35,31.81,83.47,52.45
8184,308,537,-13,-89,-33,42.39,84.25,61.32
8361,399,309,-12,-81,-30,54.50,84.74,70.35
8496,509,138,-10,-73,-27,66.87,84.93,79.02
8600,588,7,-9,-64,-26,78.20,84.87,86.83
8692,654,-85,-8,-53,-25,87.22,84.63,93.38
8770,720,-170,-9,-44,-24,93.81,95.72,98.52
8861,772,-237,-9,-36,-22,98.56,96.09,102.58
8927,822,-310,-9,-24,-19,101.53,96.42,105.34
9008,832,-375,-7,-12,-17,102.84,96.70,106.89
9176,798,-403,-5,5,-16,102.43,96.90,106.99
9406,712,-397,-2,25,-14,100.03,97.00,105.34
9625,653,-389,-1,44,-10,95.46,97.03,101.69
9793,674,-410,-1,57,-4,89.43,82.97,96.52
9848,720,-477,-1,63,4,82.60,82.97,90.49
9770,781,-553,0,64,14,75.49,82.99,84.18
9634,852,-602,3,63,22,68.34,83.01,77.96
9486,917,-574,8,64,29,60.91,83.00,71.72
9309,999,-426,14,70,33,52.93,82.88,64.92
9089,1097,-122,17,81,35,44.39,82.51,57.29
8827,1181,337,18,98,33,35.95,81.78,49.11
8529,1248,877,14,119,29,28.38,80.58,41.01
-1413,-90,8074,2,-1,2,-1.14,-10.01,1.27
-1432,-77,8097,1,0,1,-1.11,-10.02,1.24
-1455,-76,8110,1,1,1,-1.07,-10.04,1.23
-1475,-78,8113,1,1,0,-1.04,-10.07,1.22
-1488,-72,8117,1,0,0,-1.01,-10.09,1.22
-1492,-72,8114,2,0,0,-0.97,-10.10,1.21
-1490,-75,8115,2,0,0,-0.94,-10.10,1.21
-1489,-71,8100,2,0,0,-0.90,-10.10,1.20
-1487,-72,8103,2,0,0,-0.86,-10.11,1.20
-1485,-78,8123,3,0,0,-0.81,-10.12,1.20
-1489,-81,8146,3,-1,0,-0.76,-10.12,1.21
-1490,-94,8173,3,-2,0,-0.71,-10.11,1.21
-1489,-101,8187,2,-2,0,-0.68,-10.08,1.21
-1484,-111,8192,1,-2,0,-0.65,-10.06,1.21
-1484,-115,8192,1,-2,0,-0.63,-10.04,1.21
-1482,-127,8199,1,-2,-1,-0.61,-10.02,1.22
-1483,-146,8198,1,-1,-1,-0.59,-10.02,1.23
-1480,-167,8187,1,-1,-1,-0.58,-10.00,1.25
-1474,-184,8170,1,-2,-1,-0.56,-9.99,1.26
-1461,-202,8158,1,-4,0,-0.54,-9.95,1.26
-1455,-213,8145,1,-4,1,-0.53,-9.90,1.25
-1458,-220,8134,1,-5,1,-0.52,-9.84,1.23
-1466,-218,8125,1,-5,2,-0.50,-9.78,1.21
-1499,-220,8124,1,-7,2,-0.49,-9.70,1.18
-1557,-213,8141,0,-12,2,-0.48,-9.58,1.15
-1622,-172,8171,-1,-19,1,-0.48,-9.37,1.12
-1656,-127,8195,-4,-28,1,-0.51,-9.04,1.09
-1664,-94,8214,-7,-36,1,-0.59,-8.60,1.06
-1625,-81,8223,-9,-43,1,-0.69,-8.05,1.02
-1563,-74,8237,-9,-45,1,-0.80,-7.45,0.99
-1497,-59,8237,-7,-43,0,-0.89,-6.86,0.96
-1470,-37,8237,-5,-39,-2,-0.96,-6.33,0.97
-1488,-7,8196,-3,-37,-4,-0.98,-5.84,1.00
-1553,38,8074,-1,-40,-7,-0.99,-5.35,1.07
-1649,32,7924,-1,-50,-10,-0.99,-4.75,1.19
-1711,22,7817,1,-64,-13,-0.99,-3.98,1.35
-1726,36,7834,2,-81,-14,-0.95,-2.99,1.54
-1691,96,7922,3,-97,-15,-0.89,-1.76,1.74
-1612,194,8070,1,-113,-16,-0.84,-0.31,1.96
-1474,266,8198,-3,-128,-19,-0.83,1.35,2.20
-1268,306,8290,-9,-141,-22,-0.90,3.21,2.50
-980,272,8349,-13,-150,-25,-1.02,5.22,2.84
-666,210,8337,-15,-156,-27,-1.17,7.33,3.25
-392,181,8277,-17,-171,-28,-1.33,9.61,3.68
-138,170,8076,-20,-198,-27,-1.51,12.23,4.14
162,108,7779,-28,-238,-26,-1.78,15.37,4.64
580,36,7327,-35,-278,-24,-2.17,19.09,5.21
1143,-94,6776,-38,-311,-22,-2.65,23.34,5.87
1935,-350,6213,-33,-326,-21,-3.13,27.93,6.62
2900,-525,5770,-20,-316,-21,-3.49,32.52,7.42
3846,-601,5493,-1,-282,-23,-3.58,36.75,8.16
4594,-643,5454,17,-251,-26,-3.33,40.48,8.80
5104,-599,5525,27,-229,-26,-2.83,43.82,9.31
5410,-413,5594,26,-226,-21,-2.27,47.01,9.77
5544,-255,5524,17,-236,-18,-1.81,50.25,10.34
5702,-200,5267,5,-255,-14,-1.54,53.74,11.22
5975,-145,4848,-1,-266,-10,-1.45,57.45,12.43
6215,-192,4436,-3,-269,-8,-1.44,61.23,14.00
6495,-208,4107,-7,-274,-8,-1.54,65.07,16.14
6756,-207,3771,-17,-267,-8,-1.76,68.85,19.19
6905,-185,3420,-26,-251,-11,-2.07,72.42,23.57
6974,-97,3010,-34,-232,-17,-2.21,75.73,29.65
6998,7,2480,-40,-208,-26,-1.75,78.74,37.68
7039,105,1891,-40,-186,-36,0.26,81.45,47.60
7235,194,1193,-37,-166,-43,5.33,83.87,58.89
7533,165,465,-32,-152,-44,16.64,85.99,70.83
7912,71,-172,-24,-148,-40,45.58,87.63,82.98
8281,-5,-674,-18,-142,-33,101.92,92.20,94.50
8501,-81,-1042,-14,-133,-26,134.28,93.49,104.50
8556,-66,-1283,-13,-126,-19,147.30,95.10,112.88
8466,14,-1428,-14,-115,-17,153.46,96.70,119.55
8300,126,-1508,-15,-97,-19,156.41,98.12,124.47
8189,247,-1575,-16,-72,-26,157.10,99.29,127.80
8228,324,-1691,-16,-49,-32,156.42,100.18,129.98
8421,407,-1816,-12,-30,-33,155.13,100.83,131.37
8634,494,-1881,-7,-18,-30,153.74,101.29,132.35
8831,586,-1891,-4,-6,-26,152.38,101.57,132.91
9005,648,-1864,-3,10,-23,150.76,101.66,132.96
9169,628,-1856,-2,27,-23,148.70,101.53,132.43
9274,605,-1868,-1,41,-20,146.21,101.22,131.31
9338,626,-1900,0,41,-12,143.84,100.85,130.00
9375,667,-1949,2,39,-1,142.05,100.45,128.62
9367,724,-1960,5,39,11,140.92,99.97,127.15
9367,796,-1914,10,45,19,140.04,99.38,125.42
9336,892,-1756,15,60,23,138.59,98.59,123.01
9263,1013,-1449,19,80,24,135.53,97.60,119.50
9136,1148,-1014,20,106,23,128.80,96.42,114.07
8917,1248,-583,17,132,18,115.08,95.25,105.97
8671,1297,-281,8,149,11,91.86,94.60,95.38
8463,1307,-109,-2,151,5,66.30,85.04,83.96
8366,1254,-65,-10,143,4,48.20,83.96,73.77
8368,1145,-74,-11,131,8,36.88,82.65,65.50
8448,986,-56,-6,125,18,28.85,81.32,58.62
8522,878,78,4,128,31,22.17,79.94,52.17
8481,885,340,13,138,41,16.47,78.37,45.75
8222,880,684,15,152,43,11.89,76.50,39.55
7796,891,1076,11,165,38,8.49,74.34,34.10
7303,889,1453,1,169,29,6.19,72.02,29.86
6827,853,1767,-10,164,19,4.67,69.70,26.87
-1733,-21,8234,-1,-2,0,-0.78,-11.17,2.25
-1720,-6,8222,-1,-2,-1,-0.78,-11.15,2.25
-1693,-2,8221,-1,-3,-1,-0.78,-11.13,2.25
-1656,3,8212,-1,-3,-1,-0.79,-11.09,2.26
-1614,1,8200,-1,-3,-2,-0.79,-11.05,2.27
-1577,-4,8187,-1,-2,-2,-0.80,-11.02,2.29
-1546,-8,8168,-1,-2,-2,-0.80,-10.98,2.31
-1524,-18,8149,-1,-3,-2,-0.81,-10.95,2.32
-1498,-36,8113,-1,-4,-1,-0.82,-10.89,2.33
-1485,-64,8100,-2,-5,0,-0.84,-10.84,2.32
-1470,-90,8092,-1,-6,0,-0.85,-10.76,2.32
-1457,-115,8092,-1,-5,0,-0.86,-10.68,2.30
-1448,-139,8082,0,-5,0,-0.86,-10.61,2.29
-1451,-158,8083,0,-6,1,-0.85,-10.54,2.28
-1448,-171,8066,0,-6,1,-0.84,-10.46,2.26
-1455,-175,8073,0,-5,1,-0.83,-10.39,2.24
-1468,-177,8092,1,-5,1,-0.81,-10.33,2.22
-1480,-173,8120,1,-5,1,-0.79,-10.27,2.21
-1490,-162,8150,1,-5,1,-0.77,-10.21,2.19
-1502,-151,8179,1,-6,1,-0.74,-10.14,2.18
-1514,-132,8203,1,-7,1,-0.72,-10.05,2.16
-1523,-124,8223,0,-8,1,-0.71,-9.96,2.15
-1524,-124,8230,-1,-9,0,-0.71,-9.85,2.14
-1518,-132,8233,-2,-10,0,-0.73,-9.72,2.12
-1505,-157,8233,-2,-12,0,-0.75,-9.57,2.12
-1487,-177,8217,-3,-14,1,-0.79,-9.40,2.09
-1480,-191,8185,-3,-16,1,-0.83,-9.19,2.07
-1507,-197,8108,-5,-22,1,-0.88,-8.93,2.03
-1565,-200,7993,-6,-32,1,-0.96,-8.55,2.00
-1627,-199,7817,-7,-45,0,-1.05,-8.00,1.97
-1703,-217,7613,-7,-63,-1,-1.15,-7.25,1.96
-1756,-246,7440,-4,-84,-3,-1.22,-6.21,1.96
-1735,-313,7353,1,-103,-4,-1.23,-4.89,2.01
-1657,-345,7384,6,-119,-4,-1.17,-3.34,2.05
-1499,-355,7525,9,-133,-4,-1.07,-1.57,2.10
-1257,-340,7724,8,-139,-5,-0.96,0.33,2.16
-1014,-284,7918,5,-140,-7,-0.88,2.25,2.24
-810,-236,8060,0,-143,-11,-0.84,4.19,2.37
-638,-195,8110,-4,-148,-15,-0.85,6.19,2.57
-451,-166,8050,-7,-156,-18,-0.91,8.28,2.83
-210,-143,7904,-10,-166,-22,-1.00,10.52,3.16
99,-146,7732,-9,-175,-25,-1.07,12.89,3.54
511,-156,7545,-6,-177,-28,-1.07,15.35,3.98
996,-156,7351,-1,-176,-28,-1.01,17.82,4.43
1534,-159,7225,7,-175,-27,-0.82,20.29,4.84
2135,-196,7152,13,-175,-25,-0.54,22.77,5.21
2770,-223,7143,16,-172,-20,-0.20,25.25,5.50
3298,-206,7159,17,-166,-14,0.13,27.64,5.71
3656,-142,7193,14,-166,-9,0.42,29.99,5.85
3890,-46,7208,10,-168,-5,0.65,32.34,5.97
4063,54,7197,5,-169,-5,0.81,34.69,6.13
4244,134,7146,1,-164,-6,0.94,36.99,6.37
4483,204,7083,-1,-154,-10,1.08,39.16,6.68
4785,264,6998,-1,-139,-12,1.25,41.13,7.05
5058,302,6885,-1,-123,-14,1.47,42.88,7.43
5264,368,6706,-4,-114,-14,1.67,44.48,7.86
5402,434,6452,-8,-115,-14,1.85,46.06,8.35
5465,479,6110,-13,-123,-12,1.97,47.73,8.96
5499,507,5745,-14,-135,-10,2.05,49.57,9.63
5575,506,5329,-14,-145,-8,2.11,51.56,10.39
5736,442,4932,-13,-154,-8,2.20,53.69,11.25
5972,407,4587,-11,-156,-8,2.34,55.90,12.20
6242,370,4344,-7,-154,-7,2.53,58.09,13.17
6525,333,4194,-4,-144,-7,2.79,60.16,14.15
6742,324,4108,-3,-132,-6,3.08,62.04,15.13
6872,344,4021,-6,-123,-6,3.39,63.78,16.24
6900,386,3870,-13,-119,-7,3.65,65.43,17.59
6884,429,3611,-19,-119,-10,3.98,67.06,19.36
6914,455,3258,-23,-121,-14,4.48,68.73,21.60
7017,465,2829,-24,-121,-17,5.19,70.44,24.29
7189,424,2413,-22,-123,-18,6.12,72.16,27.37
7395,403,2019,-18,-122,-15,7.25,73.90,30.80
7587,388,1693,-15,-123,-12,8.57,75.64,34.60
7767,408,1415,-11,-123,-10,10.23,77.39,38.90
7883,434,1183,-8,-120,-9,12.33,79.07,43.74
7945,464,1006,-6,-115,-10,15.25,80.66,49.16
7943,517,871,-6,-110,-13,19.41,82.12,55.14
7926,535,762,-6,-106,-15,25.44,83.44,61.79
7901,518,628,-7,-100,-16,33.95,84.59,68.83
7908,461,450,-9,-98,-17,46.13,85.51,76.27
7983,418,196,-9,-97,-15,63.35,86.15,84.02
8074,374,-74,-8,-94,-12,84.29,86.39,91.65
8143,335,-323,-4,-88,-9,104.15,93.82,98.67
8210,333,-514,0,-78,-9,118.89,94.35,104.80
8271,326,-607,4,-66,-10,128.26,95.00,109.90
8335,335,-643,6,-54,-11,134.00,95.63,113.94
8373,361,-691,5,-42,-12,137.31,96.18,117.08
8395,371,-752,5,-31,-12,139.15,96.63,119.37
8438,392,-812,5,-21,-12,140.11,96.98,121.11
8518,405,-871,6,-13,-10,140.51,97.23,122.36
8602,441,-930,8,-5,-7,140.61,97.37,123.18
8689,443,-916,7,1,-3,140.55,97.39,123.52
8843,458,-870,6,8,1,140.35,97.30,123.38
8994,503,-778,5,21,7,139.59,97.04,122.40
9088,577,-647,5,39,11,137.90,96.56,120.29
9088,677,-461,4,61,13,133.92,95.85,116.50
8996,828,-249,1,86,11,125.43,94.99,110.55
8829,993,-30,-3,111,7,108.99,94.22,102.06
8602,1122,163,-7,135,0,83.10,85.97,91.11
-631,-238,8108,-3,-1,1,-1.31,-3.90,3.94
-624,-240,8079,-2,-1,1,-1.33,-3.89,3.93
-617,-242,8061,-1,-2,1,-1.35,-3.88,3.90
-608,-232,8070,1,-2,1,-1.33,-3.86,3.88
-597,-212,8099,2,-3,1,-1.30,-3.83,3.86
-582,-190,8134,2,-3,1,-1.26,-3.79,3.84
-566,-165,8176,2,-3,1,-1.22,-3.76,3.82
-543,-132,8214,1,-3,1,-1.19,-3.73,3.79
-533,-100,8246,0,-2,2,-1.17,-3.70,3.76
-533,-78,8260,0,-2,2,-1.15,-3.67,3.74
-558,-68,8275,0,-2,2,-1.14,-3.65,3.70
-592,-64,8281,0,-3,2,-1.13,-3.63,3.67
-625,-66,8286,1,-3,1,-1.10,-3.60,3.65
-656,-77,8294,1,-3,0,-1.08,-3.58,3.64
-675,-84,8307,1,-3,-1,-1.06,-3.56,3.64
-670,-93,8323,0,-3,-2,-1.05,-3.53,3.66
-653,-104,8343,0,-4,-2,-1.04,-3.49,3.68
-621,-116,8348,-1,-4,-2,-1.05,-3.44,3.70
-571,-129,8345,-2,-4,-2,-1.06,-3.39,3.73
-523,-140,8337,-2,-4,-2,-1.08,-3.34,3.74
-486,-158,8305,-1,-3,-1,-1.10,-3.30,3.75
-473,-186,8266,-1,-3,0,-1.11,-3.26,3.75
-487,-214,8239,-1,-3,0,-1.12,-3.23,3.75
-520,-246,8206,0,-5,0,-1.13,-3.18,3.74
-544,-273,8185,0,-6,0,-1.12,-3.11,3.73
-558,-300,8161,0,-8,0,-1.12,-3.02,3.72
-584,-294,8146,0,-10,0,-1.12,-2.92,3.71
-630,-269,8143,-1,-15,1,-1.13,-2.75,3.69
-739,-220,8150,-2,-23,2,-1.14,-2.50,3.66
-908,-141,8179,-5,-37,1,-1.18,-2.08,3.63
-1042,-78,8199,-9,-57,-1,-1.26,-1.43,3.62
-1122,-49,8214,-13,-76,-5,-1.42,-0.50,3.66
-1107,-55,8215,-18,-95,-8,-1.63,0.70,3.75
-966,-80,8201,-20,-110,-11,-1.89,2.13,3.89
-755,-139,8154,-22,-120,-13,-2.18,3.74,4.08
-507,-227,8062,-22,-131,-14,-2.48,5.50,4.29
-232,-297,7910,-22,-142,-13,-2.78,7.43,4.52
1,-341,7707,-21,-157,-10,-3.07,9.54,4.73
199,-390,7470,-19,-179,-8,-3.35,11.92,4.93
429,-418,7230,-16,-202,-6,-3.61,14.63,5.11
720,-427,7004,-12,-224,-5,-3.83,17.65,5.30
1056,-410,6793,-8,-241,-5,-4.00,20.94,5.50
1480,-399,6639,-5,-257,-6,-4.15,24.45,5.75
2039,-373,6536,-2,-259,-8,-4.26,28.08,6.04
2642,-370,6534,4,-245,-12,-4.28,31.57,6.37
3199,-332,6541,10,-223,-16,-4.17,34.79,6.73
3661,-268,6531,11,-208,-21,-3.94,37.75,7.15
4109,-228,6473,9,-203,-25,-3.65,40.62,7.66
4526,-161,6341,5,-200,-27,-3.35,43.44,8.30
4940,-138,6140,2,-203,-28,-3.06,46.27,9.06
5405,-143,5869,0,-199,-28,-2.76,49.11,9.94
5874,-160,5584,0,-189,-28,-2.43,51.85,10.89
6343,-220,5309,1,-177,-27,-2.05,54.41,11.88
6805,-312,5041,2,-165,-23,-1.69,56.81,12.90
7163,-345,4731,0,-158,-18,-1.40,59.08,13.95
7342,-334,4394,-4,-161,-11,-1.24,61.35,15.14
7369,-311,4041,-7,-166,-5,-1.30,63.69,16.56
7313,-230,3689,-9,-167,-3,-1.47,66.05,18.26
7216,-139,3369,-11,-160,-8,-1.52,68.34,20.32
7140,-47,3090,-12,-151,-16,-1.27,70.49,22.82
7146,12,2829,-13,-143,-25,-0.57,72.52,25.83
7248,39,2526,-16,-134,-29,0.58,74.44,29.44
7330,56,2190,-20,-130,-30,2.08,76.26,33.72
7435,74,1809,-22,-134,-29,4.02,78.13,38.98
7562,88,1404,-23,-137,-25,6.49,80.04,45.42
7706,115,994,-21,-142,-22,10.01,82.02,53.23
7822,159,631,-17,-142,-18,15.54,83.97,62.18
7879,188,356,-12,-140,-16,25.77,85.79,72.02
7884,234,189,-9,-134,-16,47.70,87.24,82.21
7871,287,127,-9,-127,-18,88.70,87.71,92.03
7855,358,85,-12,-114,-22,121.41,93.02,100.62
7816,409,19,-16,-105,-25,135.95,94.23,107.84
7897,429,-106,-19,-97,-27,142.89,95.52,113.83
8056,421,-298,-21,-87,-26,146.53,96.76,118.58
8223,384,-538,-20,-80,-24,148.92,97.89,122.39
8364,388,-799,-19,-75,-18,150.81,98.96,125.55
8438,439,-1047,-18,-72,-11,152.65,99.94,128.18
8432,523,-1262,-16,-65,-5,154.32,100.83,130.34
8345,620,-1438,-13,-53,-3,155.64,101.58,132.02
8256,711,-1554,-11,-39,-5,156.38,102.16,133.17
8269,772,-1613,-10,-23,-6,156.57,102.55,133.86
8397,805,-1619,-10,-3,-7,156.21,102.70,133.93
8578,824,-1579,-11,21,-8,155.19,102.53,133.20
8713,837,-1525,-12,50,-9,153.32,102.02,131.57
8822,849,-1489,-14,78,-12,150.18,101.19,128.91
8901,850,-1538,-16,103,-14,145.28,100.13,125.10
8939,862,-1666,-18,117,-15,138.33,99.01,120.32
9005,856,-1849,-18,120,-12,129.50,98.00,114.98
9106,846,-2047,-14,116,-5,119.37,97.19,109.52
9206,809,-2153,-6,112,4,108.22,96.55,104.06
9254,774,-2074,6,115,15,95.41,96.05,98.26
9191,775,-1775,16,124,25,79.76,84.21,91.58
8979,793,-1275,22,137,31,61.78,84.01,83.65
8636,823,-621,20,152,33,44.76,83.12,74.62
8210,857,25,12,169,30,31.68,81.52,65.19
7748,838,562,1,185,24,22.85,79.37,56.35
7345,763,941,-10,199,15,17.16,76.83,48.88
7054,677,1140,-18,209,7,13.50,74.04,42.96
6871,625,1208,-23,212,0,11.09,71.16,38.47
